,Notes,County,County Code,Year,Year Code,Drug/Alcohol Induced Cause,Drug/Alcohol Induced Cause Code,Deaths
3834,,"Adams County, WA",53001.0,2003.0,2003.0,All other non-drug and non-alcohol causes,O9,112.0
3835,,"Asotin County, WA",53003.0,2003.0,2003.0,All other non-drug and non-alcohol causes,O9,187.0
3836,,"Benton County, WA",53005.0,2003.0,2003.0,Drug poisonings (overdose) Unintentional (X40-X44),D1,10.0
3837,,"Benton County, WA",53005.0,2003.0,2003.0,All other alcohol-induced causes,A9,15.0
3838,,"Benton County, WA",53005.0,2003.0,2003.0,All other non-drug and non-alcohol causes,O9,1014.0
3839,,"Chelan County, WA",53007.0,2003.0,2003.0,All other non-drug and non-alcohol causes,O9,579.0
3840,,"Clallam County, WA",53009.0,2003.0,2003.0,All other alcohol-induced causes,A9,17.0
3841,,"Clallam County, WA",53009.0,2003.0,2003.0,All other non-drug and non-alcohol causes,O9,787.0
3842,,"Clark County, WA",53011.0,2003.0,2003.0,Drug poisonings (overdose) Unintentional (X40-X44),D1,30.0
3843,,"Clark County, WA",53011.0,2003.0,2003.0,Drug poisonings (overdose) Suicide (X60-X64),D2,10.0
3844,,"Clark County, WA",53011.0,2003.0,2003.0,All other alcohol-induced causes,A9,38.0
3845,,"Clark County, WA",53011.0,2003.0,2003.0,All other non-drug and non-alcohol causes,O9,2418.0
3846,,"Columbia County, WA",53013.0,2003.0,2003.0,All other non-drug and non-alcohol causes,O9,50.0
3847,,"Cowlitz County, WA",53015.0,2003.0,2003.0,All other alcohol-induced causes,A9,13.0
3848,,"Cowlitz County, WA",53015.0,2003.0,2003.0,All other non-drug and non-alcohol causes,O9,910.0
3849,,"Douglas County, WA",53017.0,2003.0,2003.0,All other non-drug and non-alcohol causes,O9,268.0
3850,,"Ferry County, WA",53019.0,2003.0,2003.0,All other non-drug and non-alcohol causes,O9,66.0
3851,,"Franklin County, WA",53021.0,2003.0,2003.0,All other non-drug and non-alcohol causes,O9,253.0
3852,,"Garfield County, WA",53023.0,2003.0,2003.0,All other non-drug and non-alcohol causes,O9,21.0
3853,,"Grant County, WA",53025.0,2003.0,2003.0,All other non-drug and non-alcohol causes,O9,568.0
3854,,"Grays Harbor County, WA",53027.0,2003.0,2003.0,All other alcohol-induced causes,A9,18.0
3855,,"Grays Harbor County, WA",53027.0,2003.0,2003.0,All other non-drug and non-alcohol causes,O9,732.0
3856,,"Island County, WA",53029.0,2003.0,2003.0,All other non-drug and non-alcohol causes,O9,610.0
3857,,"Jefferson County, WA",53031.0,2003.0,2003.0,All other non-drug and non-alcohol causes,O9,306.0
3858,,"King County, WA",53033.0,2003.0,2003.0,Drug poisonings (overdose) Unintentional (X40-X44),D1,132.0
3859,,"King County, WA",53033.0,2003.0,2003.0,Drug poisonings (overdose) Suicide (X60-X64),D2,30.0
3860,,"King County, WA",53033.0,2003.0,2003.0,Drug poisonings (overdose) Undetermined (Y10-Y14),D4,28.0
3861,,"King County, WA",53033.0,2003.0,2003.0,All other drug-induced causes,D9,15.0
3862,,"King County, WA",53033.0,2003.0,2003.0,All other alcohol-induced causes,A9,152.0
3863,,"King County, WA",53033.0,2003.0,2003.0,All other non-drug and non-alcohol causes,O9,11269.0
3864,,"Kitsap County, WA",53035.0,2003.0,2003.0,Drug poisonings (overdose) Unintentional (X40-X44),D1,23.0
3865,,"Kitsap County, WA",53035.0,2003.0,2003.0,All other alcohol-induced causes,A9,29.0
3866,,"Kitsap County, WA",53035.0,2003.0,2003.0,All other non-drug and non-alcohol causes,O9,1729.0
3867,,"Kittitas County, WA",53037.0,2003.0,2003.0,All other non-drug and non-alcohol causes,O9,242.0
3868,,"Klickitat County, WA",53039.0,2003.0,2003.0,All other non-drug and non-alcohol causes,O9,165.0
3869,,"Lewis County, WA",53041.0,2003.0,2003.0,All other alcohol-induced causes,A9,10.0
3870,,"Lewis County, WA",53041.0,2003.0,2003.0,All other non-drug and non-alcohol causes,O9,800.0
3871,,"Lincoln County, WA",53043.0,2003.0,2003.0,All other non-drug and non-alcohol causes,O9,93.0
3872,,"Mason County, WA",53045.0,2003.0,2003.0,All other alcohol-induced causes,A9,11.0
3873,,"Mason County, WA",53045.0,2003.0,2003.0,All other non-drug and non-alcohol causes,O9,506.0
3874,,"Okanogan County, WA",53047.0,2003.0,2003.0,All other alcohol-induced causes,A9,10.0
3875,,"Okanogan County, WA",53047.0,2003.0,2003.0,All other non-drug and non-alcohol causes,O9,356.0
3876,,"Pacific County, WA",53049.0,2003.0,2003.0,All other non-drug and non-alcohol causes,O9,275.0
3877,,"Pend Oreille County, WA",53051.0,2003.0,2003.0,All other non-drug and non-alcohol causes,O9,130.0
3878,,"Pierce County, WA",53053.0,2003.0,2003.0,Drug poisonings (overdose) Unintentional (X40-X44),D1,77.0
3879,,"Pierce County, WA",53053.0,2003.0,2003.0,Drug poisonings (overdose) Suicide (X60-X64),D2,10.0
3880,,"Pierce County, WA",53053.0,2003.0,2003.0,All other alcohol-induced causes,A9,78.0
3881,,"Pierce County, WA",53053.0,2003.0,2003.0,All other non-drug and non-alcohol causes,O9,5349.0
3882,,"San Juan County, WA",53055.0,2003.0,2003.0,All other non-drug and non-alcohol causes,O9,118.0
3883,,"Skagit County, WA",53057.0,2003.0,2003.0,Drug poisonings (overdose) Unintentional (X40-X44),D1,12.0
3884,,"Skagit County, WA",53057.0,2003.0,2003.0,All other alcohol-induced causes,A9,12.0
3885,,"Skagit County, WA",53057.0,2003.0,2003.0,All other non-drug and non-alcohol causes,O9,1069.0
3886,,"Skamania County, WA",53059.0,2003.0,2003.0,All other non-drug and non-alcohol causes,O9,56.0
3887,,"Snohomish County, WA",53061.0,2003.0,2003.0,Drug poisonings (overdose) Unintentional (X40-X44),D1,65.0
3888,,"Snohomish County, WA",53061.0,2003.0,2003.0,Drug poisonings (overdose) Suicide (X60-X64),D2,11.0
3889,,"Snohomish County, WA",53061.0,2003.0,2003.0,All other alcohol-induced causes,A9,56.0
3890,,"Snohomish County, WA",53061.0,2003.0,2003.0,All other non-drug and non-alcohol causes,O9,4115.0
3891,,"Spokane County, WA",53063.0,2003.0,2003.0,Drug poisonings (overdose) Unintentional (X40-X44),D1,58.0
3892,,"Spokane County, WA",53063.0,2003.0,2003.0,Drug poisonings (overdose) Suicide (X60-X64),D2,16.0
3893,,"Spokane County, WA",53063.0,2003.0,2003.0,All other alcohol-induced causes,A9,44.0
3894,,"Spokane County, WA",53063.0,2003.0,2003.0,All other non-drug and non-alcohol causes,O9,3543.0
3895,,"Stevens County, WA",53065.0,2003.0,2003.0,All other non-drug and non-alcohol causes,O9,391.0
3896,,"Thurston County, WA",53067.0,2003.0,2003.0,Drug poisonings (overdose) Unintentional (X40-X44),D1,17.0
3897,,"Thurston County, WA",53067.0,2003.0,2003.0,All other alcohol-induced causes,A9,20.0
3898,,"Thurston County, WA",53067.0,2003.0,2003.0,All other non-drug and non-alcohol causes,O9,1641.0
3899,,"Wahkiakum County, WA",53069.0,2003.0,2003.0,All other non-drug and non-alcohol causes,O9,54.0
3900,,"Walla Walla County, WA",53071.0,2003.0,2003.0,All other non-drug and non-alcohol causes,O9,529.0
3901,,"Whatcom County, WA",53073.0,2003.0,2003.0,Drug poisonings (overdose) Unintentional (X40-X44),D1,14.0
3902,,"Whatcom County, WA",53073.0,2003.0,2003.0,All other alcohol-induced causes,A9,14.0
3903,,"Whatcom County, WA",53073.0,2003.0,2003.0,All other non-drug and non-alcohol causes,O9,1270.0
3904,,"Whitman County, WA",53075.0,2003.0,2003.0,All other non-drug and non-alcohol causes,O9,214.0
3905,,"Yakima County, WA",53077.0,2003.0,2003.0,Drug poisonings (overdose) Unintentional (X40-X44),D1,10.0
3906,,"Yakima County, WA",53077.0,2003.0,2003.0,All other alcohol-induced causes,A9,18.0
3907,,"Yakima County, WA",53077.0,2003.0,2003.0,All other non-drug and non-alcohol causes,O9,1744.0
3877,,"Adams County, WA",53001.0,2004.0,2004.0,All other non-drug and non-alcohol causes,O9,107.0
3878,,"Asotin County, WA",53003.0,2004.0,2004.0,All other non-drug and non-alcohol causes,O9,208.0
3879,,"Benton County, WA",53005.0,2004.0,2004.0,Drug poisonings (overdose) Unintentional (X40-X44),D1,12.0
3880,,"Benton County, WA",53005.0,2004.0,2004.0,All other alcohol-induced causes,A9,13.0
3881,,"Benton County, WA",53005.0,2004.0,2004.0,All other non-drug and non-alcohol causes,O9,966.0
3882,,"Chelan County, WA",53007.0,2004.0,2004.0,All other non-drug and non-alcohol causes,O9,517.0
3883,,"Clallam County, WA",53009.0,2004.0,2004.0,Drug poisonings (overdose) Unintentional (X40-X44),D1,11.0
3884,,"Clallam County, WA",53009.0,2004.0,2004.0,All other alcohol-induced causes,A9,17.0
3885,,"Clallam County, WA",53009.0,2004.0,2004.0,All other non-drug and non-alcohol causes,O9,794.0
3886,,"Clark County, WA",53011.0,2004.0,2004.0,Drug poisonings (overdose) Unintentional (X40-X44),D1,27.0
3887,,"Clark County, WA",53011.0,2004.0,2004.0,All other alcohol-induced causes,A9,35.0
3888,,"Clark County, WA",53011.0,2004.0,2004.0,All other non-drug and non-alcohol causes,O9,2545.0
3889,,"Columbia County, WA",53013.0,2004.0,2004.0,All other non-drug and non-alcohol causes,O9,48.0
3890,,"Cowlitz County, WA",53015.0,2004.0,2004.0,Drug poisonings (overdose) Unintentional (X40-X44),D1,17.0
3891,,"Cowlitz County, WA",53015.0,2004.0,2004.0,All other alcohol-induced causes,A9,19.0
3892,,"Cowlitz County, WA",53015.0,2004.0,2004.0,All other non-drug and non-alcohol causes,O9,912.0
3893,,"Douglas County, WA",53017.0,2004.0,2004.0,All other non-drug and non-alcohol causes,O9,263.0
3894,,"Ferry County, WA",53019.0,2004.0,2004.0,All other non-drug and non-alcohol causes,O9,69.0
3895,,"Franklin County, WA",53021.0,2004.0,2004.0,All other non-drug and non-alcohol causes,O9,279.0
3896,,"Garfield County, WA",53023.0,2004.0,2004.0,All other non-drug and non-alcohol causes,O9,29.0
3897,,"Grant County, WA",53025.0,2004.0,2004.0,Drug poisonings (overdose) Unintentional (X40-X44),D1,14.0
3898,,"Grant County, WA",53025.0,2004.0,2004.0,All other alcohol-induced causes,A9,12.0
3899,,"Grant County, WA",53025.0,2004.0,2004.0,All other non-drug and non-alcohol causes,O9,543.0
3900,,"Grays Harbor County, WA",53027.0,2004.0,2004.0,Drug poisonings (overdose) Unintentional (X40-X44),D1,17.0
3901,,"Grays Harbor County, WA",53027.0,2004.0,2004.0,All other alcohol-induced causes,A9,11.0
3902,,"Grays Harbor County, WA",53027.0,2004.0,2004.0,All other non-drug and non-alcohol causes,O9,744.0
3903,,"Island County, WA",53029.0,2004.0,2004.0,All other non-drug and non-alcohol causes,O9,576.0
3904,,"Jefferson County, WA",53031.0,2004.0,2004.0,All other alcohol-induced causes,A9,10.0
3905,,"Jefferson County, WA",53031.0,2004.0,2004.0,All other non-drug and non-alcohol causes,O9,279.0
3906,,"King County, WA",53033.0,2004.0,2004.0,Drug poisonings (overdose) Unintentional (X40-X44),D1,180.0
3907,,"King County, WA",53033.0,2004.0,2004.0,Drug poisonings (overdose) Suicide (X60-X64),D2,35.0
3908,,"King County, WA",53033.0,2004.0,2004.0,Drug poisonings (overdose) Undetermined (Y10-Y14),D4,19.0
3909,,"King County, WA",53033.0,2004.0,2004.0,All other drug-induced causes,D9,11.0
3910,,"King County, WA",53033.0,2004.0,2004.0,All other alcohol-induced causes,A9,138.0
3911,,"King County, WA",53033.0,2004.0,2004.0,All other non-drug and non-alcohol causes,O9,10823.0
3912,,"Kitsap County, WA",53035.0,2004.0,2004.0,Drug poisonings (overdose) Unintentional (X40-X44),D1,16.0
3913,,"Kitsap County, WA",53035.0,2004.0,2004.0,All other alcohol-induced causes,A9,35.0
3914,,"Kitsap County, WA",53035.0,2004.0,2004.0,All other non-drug and non-alcohol causes,O9,1714.0
3915,,"Kittitas County, WA",53037.0,2004.0,2004.0,All other non-drug and non-alcohol causes,O9,241.0
3916,,"Klickitat County, WA",53039.0,2004.0,2004.0,All other non-drug and non-alcohol causes,O9,161.0
3917,,"Lewis County, WA",53041.0,2004.0,2004.0,All other non-drug and non-alcohol causes,O9,771.0
3918,,"Lincoln County, WA",53043.0,2004.0,2004.0,All other non-drug and non-alcohol causes,O9,102.0
3919,,"Mason County, WA",53045.0,2004.0,2004.0,All other non-drug and non-alcohol causes,O9,518.0
3920,,"Okanogan County, WA",53047.0,2004.0,2004.0,All other alcohol-induced causes,A9,17.0
3921,,"Okanogan County, WA",53047.0,2004.0,2004.0,All other non-drug and non-alcohol causes,O9,342.0
3922,,"Pacific County, WA",53049.0,2004.0,2004.0,All other non-drug and non-alcohol causes,O9,269.0
3923,,"Pend Oreille County, WA",53051.0,2004.0,2004.0,All other non-drug and non-alcohol causes,O9,139.0
3924,,"Pierce County, WA",53053.0,2004.0,2004.0,Drug poisonings (overdose) Unintentional (X40-X44),D1,59.0
3925,,"Pierce County, WA",53053.0,2004.0,2004.0,Drug poisonings (overdose) Suicide (X60-X64),D2,13.0
3926,,"Pierce County, WA",53053.0,2004.0,2004.0,All other alcohol-induced causes,A9,54.0
3927,,"Pierce County, WA",53053.0,2004.0,2004.0,All other non-drug and non-alcohol causes,O9,5098.0
3928,,"San Juan County, WA",53055.0,2004.0,2004.0,All other non-drug and non-alcohol causes,O9,105.0
3929,,"Skagit County, WA",53057.0,2004.0,2004.0,Drug poisonings (overdose) Unintentional (X40-X44),D1,13.0
3930,,"Skagit County, WA",53057.0,2004.0,2004.0,All other alcohol-induced causes,A9,13.0
3931,,"Skagit County, WA",53057.0,2004.0,2004.0,All other non-drug and non-alcohol causes,O9,928.0
3932,,"Skamania County, WA",53059.0,2004.0,2004.0,All other non-drug and non-alcohol causes,O9,74.0
3933,,"Snohomish County, WA",53061.0,2004.0,2004.0,Drug poisonings (overdose) Unintentional (X40-X44),D1,82.0
3934,,"Snohomish County, WA",53061.0,2004.0,2004.0,Drug poisonings (overdose) Suicide (X60-X64),D2,18.0
3935,,"Snohomish County, WA",53061.0,2004.0,2004.0,All other alcohol-induced causes,A9,71.0
3936,,"Snohomish County, WA",53061.0,2004.0,2004.0,All other non-drug and non-alcohol causes,O9,3930.0
3937,,"Spokane County, WA",53063.0,2004.0,2004.0,Drug poisonings (overdose) Unintentional (X40-X44),D1,59.0
3938,,"Spokane County, WA",53063.0,2004.0,2004.0,Drug poisonings (overdose) Suicide (X60-X64),D2,19.0
3939,,"Spokane County, WA",53063.0,2004.0,2004.0,All other alcohol-induced causes,A9,50.0
3940,,"Spokane County, WA",53063.0,2004.0,2004.0,All other non-drug and non-alcohol causes,O9,3558.0
3941,,"Stevens County, WA",53065.0,2004.0,2004.0,All other non-drug and non-alcohol causes,O9,376.0
3942,,"Thurston County, WA",53067.0,2004.0,2004.0,Drug poisonings (overdose) Unintentional (X40-X44),D1,20.0
3943,,"Thurston County, WA",53067.0,2004.0,2004.0,All other alcohol-induced causes,A9,28.0
3944,,"Thurston County, WA",53067.0,2004.0,2004.0,All other non-drug and non-alcohol causes,O9,1542.0
3945,,"Wahkiakum County, WA",53069.0,2004.0,2004.0,All other non-drug and non-alcohol causes,O9,42.0
3946,,"Walla Walla County, WA",53071.0,2004.0,2004.0,All other non-drug and non-alcohol causes,O9,493.0
3947,,"Whatcom County, WA",53073.0,2004.0,2004.0,Drug poisonings (overdose) Unintentional (X40-X44),D1,12.0
3948,,"Whatcom County, WA",53073.0,2004.0,2004.0,All other alcohol-induced causes,A9,15.0
3949,,"Whatcom County, WA",53073.0,2004.0,2004.0,All other non-drug and non-alcohol causes,O9,1286.0
3950,,"Whitman County, WA",53075.0,2004.0,2004.0,All other non-drug and non-alcohol causes,O9,200.0
3951,,"Yakima County, WA",53077.0,2004.0,2004.0,Drug poisonings (overdose) Unintentional (X40-X44),D1,19.0
3952,,"Yakima County, WA",53077.0,2004.0,2004.0,All other drug-induced causes,D9,10.0
3953,,"Yakima County, WA",53077.0,2004.0,2004.0,All other alcohol-induced causes,A9,22.0
3954,,"Yakima County, WA",53077.0,2004.0,2004.0,All other non-drug and non-alcohol causes,O9,1658.0
3954,,"Adams County, WA",53001.0,2005.0,2005.0,All other non-drug and non-alcohol causes,O9,111.0
3955,,"Asotin County, WA",53003.0,2005.0,2005.0,All other non-drug and non-alcohol causes,O9,198.0
3956,,"Benton County, WA",53005.0,2005.0,2005.0,Drug poisonings (overdose) Unintentional (X40-X44),D1,13.0
3957,,"Benton County, WA",53005.0,2005.0,2005.0,All other alcohol-induced causes,A9,10.0
3958,,"Benton County, WA",53005.0,2005.0,2005.0,All other non-drug and non-alcohol causes,O9,1007.0
3959,,"Chelan County, WA",53007.0,2005.0,2005.0,All other non-drug and non-alcohol causes,O9,597.0
3960,,"Clallam County, WA",53009.0,2005.0,2005.0,Drug poisonings (overdose) Unintentional (X40-X44),D1,10.0
3961,,"Clallam County, WA",53009.0,2005.0,2005.0,All other non-drug and non-alcohol causes,O9,804.0
3962,,"Clark County, WA",53011.0,2005.0,2005.0,Drug poisonings (overdose) Unintentional (X40-X44),D1,30.0
3963,,"Clark County, WA",53011.0,2005.0,2005.0,Drug poisonings (overdose) Suicide (X60-X64),D2,10.0
3964,,"Clark County, WA",53011.0,2005.0,2005.0,All other alcohol-induced causes,A9,32.0
3965,,"Clark County, WA",53011.0,2005.0,2005.0,All other non-drug and non-alcohol causes,O9,2650.0
3966,,"Columbia County, WA",53013.0,2005.0,2005.0,All other non-drug and non-alcohol causes,O9,38.0
3967,,"Cowlitz County, WA",53015.0,2005.0,2005.0,Drug poisonings (overdose) Unintentional (X40-X44),D1,24.0
3968,,"Cowlitz County, WA",53015.0,2005.0,2005.0,All other alcohol-induced causes,A9,13.0
3969,,"Cowlitz County, WA",53015.0,2005.0,2005.0,All other non-drug and non-alcohol causes,O9,994.0
3970,,"Douglas County, WA",53017.0,2005.0,2005.0,All other non-drug and non-alcohol causes,O9,243.0
3971,,"Ferry County, WA",53019.0,2005.0,2005.0,All other non-drug and non-alcohol causes,O9,82.0
3972,,"Franklin County, WA",53021.0,2005.0,2005.0,All other non-drug and non-alcohol causes,O9,270.0
3973,,"Garfield County, WA",53023.0,2005.0,2005.0,All other non-drug and non-alcohol causes,O9,22.0
3974,,"Grant County, WA",53025.0,2005.0,2005.0,Drug poisonings (overdose) Unintentional (X40-X44),D1,13.0
3975,,"Grant County, WA",53025.0,2005.0,2005.0,All other non-drug and non-alcohol causes,O9,553.0
3976,,"Grays Harbor County, WA",53027.0,2005.0,2005.0,All other alcohol-induced causes,A9,15.0
3977,,"Grays Harbor County, WA",53027.0,2005.0,2005.0,All other non-drug and non-alcohol causes,O9,733.0
3978,,"Island County, WA",53029.0,2005.0,2005.0,All other non-drug and non-alcohol causes,O9,585.0
3979,,"Jefferson County, WA",53031.0,2005.0,2005.0,All other non-drug and non-alcohol causes,O9,283.0
3980,,"King County, WA",53033.0,2005.0,2005.0,Drug poisonings (overdose) Unintentional (X40-X44),D1,189.0
3981,,"King County, WA",53033.0,2005.0,2005.0,Drug poisonings (overdose) Suicide (X60-X64),D2,37.0
3982,,"King County, WA",53033.0,2005.0,2005.0,All other drug-induced causes,D9,16.0
3983,,"King County, WA",53033.0,2005.0,2005.0,All other alcohol-induced causes,A9,146.0
3984,,"King County, WA",53033.0,2005.0,2005.0,All other non-drug and non-alcohol causes,O9,11082.0
3985,,"Kitsap County, WA",53035.0,2005.0,2005.0,Drug poisonings (overdose) Unintentional (X40-X44),D1,16.0
3986,,"Kitsap County, WA",53035.0,2005.0,2005.0,All other alcohol-induced causes,A9,28.0
3987,,"Kitsap County, WA",53035.0,2005.0,2005.0,All other non-drug and non-alcohol causes,O9,1752.0
3988,,"Kittitas County, WA",53037.0,2005.0,2005.0,All other non-drug and non-alcohol causes,O9,230.0
3989,,"Klickitat County, WA",53039.0,2005.0,2005.0,All other non-drug and non-alcohol causes,O9,171.0
3990,,"Lewis County, WA",53041.0,2005.0,2005.0,Drug poisonings (overdose) Unintentional (X40-X44),D1,13.0
3991,,"Lewis County, WA",53041.0,2005.0,2005.0,All other non-drug and non-alcohol causes,O9,734.0
3992,,"Lincoln County, WA",53043.0,2005.0,2005.0,All other non-drug and non-alcohol causes,O9,133.0
3993,,"Mason County, WA",53045.0,2005.0,2005.0,All other non-drug and non-alcohol causes,O9,573.0
3994,,"Okanogan County, WA",53047.0,2005.0,2005.0,All other non-drug and non-alcohol causes,O9,348.0
3995,,"Pacific County, WA",53049.0,2005.0,2005.0,All other non-drug and non-alcohol causes,O9,292.0
3996,,"Pend Oreille County, WA",53051.0,2005.0,2005.0,All other non-drug and non-alcohol causes,O9,113.0
3997,,"Pierce County, WA",53053.0,2005.0,2005.0,Drug poisonings (overdose) Unintentional (X40-X44),D1,69.0
3998,,"Pierce County, WA",53053.0,2005.0,2005.0,Drug poisonings (overdose) Suicide (X60-X64),D2,16.0
3999,,"Pierce County, WA",53053.0,2005.0,2005.0,All other alcohol-induced causes,A9,75.0
4000,,"Pierce County, WA",53053.0,2005.0,2005.0,All other non-drug and non-alcohol causes,O9,5339.0
4001,,"San Juan County, WA",53055.0,2005.0,2005.0,All other non-drug and non-alcohol causes,O9,103.0
4002,,"Skagit County, WA",53057.0,2005.0,2005.0,Drug poisonings (overdose) Unintentional (X40-X44),D1,15.0
4003,,"Skagit County, WA",53057.0,2005.0,2005.0,All other alcohol-induced causes,A9,15.0
4004,,"Skagit County, WA",53057.0,2005.0,2005.0,All other non-drug and non-alcohol causes,O9,994.0
4005,,"Skamania County, WA",53059.0,2005.0,2005.0,All other non-drug and non-alcohol causes,O9,76.0
4006,,"Snohomish County, WA",53061.0,2005.0,2005.0,Drug poisonings (overdose) Unintentional (X40-X44),D1,84.0
4007,,"Snohomish County, WA",53061.0,2005.0,2005.0,Drug poisonings (overdose) Suicide (X60-X64),D2,10.0
4008,,"Snohomish County, WA",53061.0,2005.0,2005.0,All other alcohol-induced causes,A9,56.0
4009,,"Snohomish County, WA",53061.0,2005.0,2005.0,All other non-drug and non-alcohol causes,O9,4092.0
4010,,"Spokane County, WA",53063.0,2005.0,2005.0,Drug poisonings (overdose) Unintentional (X40-X44),D1,74.0
4011,,"Spokane County, WA",53063.0,2005.0,2005.0,Drug poisonings (overdose) Suicide (X60-X64),D2,17.0
4012,,"Spokane County, WA",53063.0,2005.0,2005.0,All other alcohol-induced causes,A9,44.0
4013,,"Spokane County, WA",53063.0,2005.0,2005.0,All other non-drug and non-alcohol causes,O9,3498.0
4014,,"Stevens County, WA",53065.0,2005.0,2005.0,All other non-drug and non-alcohol causes,O9,372.0
4015,,"Thurston County, WA",53067.0,2005.0,2005.0,Drug poisonings (overdose) Unintentional (X40-X44),D1,23.0
4016,,"Thurston County, WA",53067.0,2005.0,2005.0,All other alcohol-induced causes,A9,31.0
4017,,"Thurston County, WA",53067.0,2005.0,2005.0,All other non-drug and non-alcohol causes,O9,1678.0
4018,,"Wahkiakum County, WA",53069.0,2005.0,2005.0,All other non-drug and non-alcohol causes,O9,42.0
4019,,"Walla Walla County, WA",53071.0,2005.0,2005.0,All other non-drug and non-alcohol causes,O9,541.0
4020,,"Whatcom County, WA",53073.0,2005.0,2005.0,Drug poisonings (overdose) Unintentional (X40-X44),D1,16.0
4021,,"Whatcom County, WA",53073.0,2005.0,2005.0,All other alcohol-induced causes,A9,25.0
4022,,"Whatcom County, WA",53073.0,2005.0,2005.0,All other non-drug and non-alcohol causes,O9,1281.0
4023,,"Whitman County, WA",53075.0,2005.0,2005.0,All other non-drug and non-alcohol causes,O9,225.0
4024,,"Yakima County, WA",53077.0,2005.0,2005.0,Drug poisonings (overdose) Unintentional (X40-X44),D1,11.0
4025,,"Yakima County, WA",53077.0,2005.0,2005.0,All other alcohol-induced causes,A9,24.0
4026,,"Yakima County, WA",53077.0,2005.0,2005.0,All other non-drug and non-alcohol causes,O9,1817.0
4002,,"Adams County, WA",53001.0,2006.0,2006.0,All other non-drug and non-alcohol causes,O9,94.0
4003,,"Asotin County, WA",53003.0,2006.0,2006.0,All other non-drug and non-alcohol causes,O9,195.0
4004,,"Benton County, WA",53005.0,2006.0,2006.0,Drug poisonings (overdose) Unintentional (X40-X44),D1,16.0
4005,,"Benton County, WA",53005.0,2006.0,2006.0,All other alcohol-induced causes,A9,10.0
4006,,"Benton County, WA",53005.0,2006.0,2006.0,All other non-drug and non-alcohol causes,O9,1057.0
4007,,"Chelan County, WA",53007.0,2006.0,2006.0,All other non-drug and non-alcohol causes,O9,542.0
4008,,"Clallam County, WA",53009.0,2006.0,2006.0,Drug poisonings (overdose) Unintentional (X40-X44),D1,15.0
4009,,"Clallam County, WA",53009.0,2006.0,2006.0,All other non-drug and non-alcohol causes,O9,840.0
4010,,"Clark County, WA",53011.0,2006.0,2006.0,Drug poisonings (overdose) Unintentional (X40-X44),D1,38.0
4011,,"Clark County, WA",53011.0,2006.0,2006.0,Drug poisonings (overdose) Suicide (X60-X64),D2,10.0
4012,,"Clark County, WA",53011.0,2006.0,2006.0,All other alcohol-induced causes,A9,42.0
4013,,"Clark County, WA",53011.0,2006.0,2006.0,All other non-drug and non-alcohol causes,O9,2572.0
4014,,"Columbia County, WA",53013.0,2006.0,2006.0,All other non-drug and non-alcohol causes,O9,57.0
4015,,"Cowlitz County, WA",53015.0,2006.0,2006.0,Drug poisonings (overdose) Unintentional (X40-X44),D1,20.0
4016,,"Cowlitz County, WA",53015.0,2006.0,2006.0,All other alcohol-induced causes,A9,18.0
4017,,"Cowlitz County, WA",53015.0,2006.0,2006.0,All other non-drug and non-alcohol causes,O9,971.0
4018,,"Douglas County, WA",53017.0,2006.0,2006.0,All other non-drug and non-alcohol causes,O9,257.0
4019,,"Ferry County, WA",53019.0,2006.0,2006.0,All other non-drug and non-alcohol causes,O9,73.0
4020,,"Franklin County, WA",53021.0,2006.0,2006.0,All other non-drug and non-alcohol causes,O9,304.0
4021,,"Garfield County, WA",53023.0,2006.0,2006.0,All other non-drug and non-alcohol causes,O9,29.0
4022,,"Grant County, WA",53025.0,2006.0,2006.0,Drug poisonings (overdose) Unintentional (X40-X44),D1,11.0
4023,,"Grant County, WA",53025.0,2006.0,2006.0,All other non-drug and non-alcohol causes,O9,582.0
4024,,"Grays Harbor County, WA",53027.0,2006.0,2006.0,All other alcohol-induced causes,A9,12.0
4025,,"Grays Harbor County, WA",53027.0,2006.0,2006.0,All other non-drug and non-alcohol causes,O9,707.0
4026,,"Island County, WA",53029.0,2006.0,2006.0,All other alcohol-induced causes,A9,10.0
4027,,"Island County, WA",53029.0,2006.0,2006.0,All other non-drug and non-alcohol causes,O9,576.0
4028,,"Jefferson County, WA",53031.0,2006.0,2006.0,All other non-drug and non-alcohol causes,O9,296.0
4029,,"King County, WA",53033.0,2006.0,2006.0,Drug poisonings (overdose) Unintentional (X40-X44),D1,216.0
4030,,"King County, WA",53033.0,2006.0,2006.0,Drug poisonings (overdose) Suicide (X60-X64),D2,33.0
4031,,"King County, WA",53033.0,2006.0,2006.0,Drug poisonings (overdose) Undetermined (Y10-Y14),D4,10.0
4032,,"King County, WA",53033.0,2006.0,2006.0,All other drug-induced causes,D9,15.0
4033,,"King County, WA",53033.0,2006.0,2006.0,All other alcohol-induced causes,A9,158.0
4034,,"King County, WA",53033.0,2006.0,2006.0,All other non-drug and non-alcohol causes,O9,11177.0
4035,,"Kitsap County, WA",53035.0,2006.0,2006.0,Drug poisonings (overdose) Unintentional (X40-X44),D1,14.0
4036,,"Kitsap County, WA",53035.0,2006.0,2006.0,All other alcohol-induced causes,A9,29.0
4037,,"Kitsap County, WA",53035.0,2006.0,2006.0,All other non-drug and non-alcohol causes,O9,1684.0
4038,,"Kittitas County, WA",53037.0,2006.0,2006.0,All other non-drug and non-alcohol causes,O9,248.0
4039,,"Klickitat County, WA",53039.0,2006.0,2006.0,All other non-drug and non-alcohol causes,O9,159.0
4040,,"Lewis County, WA",53041.0,2006.0,2006.0,All other non-drug and non-alcohol causes,O9,702.0
4041,,"Lincoln County, WA",53043.0,2006.0,2006.0,All other non-drug and non-alcohol causes,O9,106.0
4042,,"Mason County, WA",53045.0,2006.0,2006.0,All other alcohol-induced causes,A9,13.0
4043,,"Mason County, WA",53045.0,2006.0,2006.0,All other non-drug and non-alcohol causes,O9,564.0
4044,,"Okanogan County, WA",53047.0,2006.0,2006.0,All other alcohol-induced causes,A9,15.0
4045,,"Okanogan County, WA",53047.0,2006.0,2006.0,All other non-drug and non-alcohol causes,O9,336.0
4046,,"Pacific County, WA",53049.0,2006.0,2006.0,All other non-drug and non-alcohol causes,O9,275.0
4047,,"Pend Oreille County, WA",53051.0,2006.0,2006.0,All other non-drug and non-alcohol causes,O9,121.0
4048,,"Pierce County, WA",53053.0,2006.0,2006.0,Drug poisonings (overdose) Unintentional (X40-X44),D1,68.0
4049,,"Pierce County, WA",53053.0,2006.0,2006.0,All other alcohol-induced causes,A9,84.0
4050,,"Pierce County, WA",53053.0,2006.0,2006.0,All other non-drug and non-alcohol causes,O9,5268.0
4051,,"San Juan County, WA",53055.0,2006.0,2006.0,All other non-drug and non-alcohol causes,O9,124.0
4052,,"Skagit County, WA",53057.0,2006.0,2006.0,Drug poisonings (overdose) Unintentional (X40-X44),D1,16.0
4053,,"Skagit County, WA",53057.0,2006.0,2006.0,All other alcohol-induced causes,A9,15.0
4054,,"Skagit County, WA",53057.0,2006.0,2006.0,All other non-drug and non-alcohol causes,O9,988.0
4055,,"Skamania County, WA",53059.0,2006.0,2006.0,All other non-drug and non-alcohol causes,O9,85.0
4056,,"Snohomish County, WA",53061.0,2006.0,2006.0,Drug poisonings (overdose) Unintentional (X40-X44),D1,86.0
4057,,"Snohomish County, WA",53061.0,2006.0,2006.0,Drug poisonings (overdose) Suicide (X60-X64),D2,11.0
4058,,"Snohomish County, WA",53061.0,2006.0,2006.0,All other alcohol-induced causes,A9,56.0
4059,,"Snohomish County, WA",53061.0,2006.0,2006.0,All other non-drug and non-alcohol causes,O9,3993.0
4060,,"Spokane County, WA",53063.0,2006.0,2006.0,Drug poisonings (overdose) Unintentional (X40-X44),D1,85.0
4061,,"Spokane County, WA",53063.0,2006.0,2006.0,Drug poisonings (overdose) Suicide (X60-X64),D2,14.0
4062,,"Spokane County, WA",53063.0,2006.0,2006.0,All other alcohol-induced causes,A9,46.0
4063,,"Spokane County, WA",53063.0,2006.0,2006.0,All other non-drug and non-alcohol causes,O9,3581.0
4064,,"Stevens County, WA",53065.0,2006.0,2006.0,Drug poisonings (overdose) Unintentional (X40-X44),D1,13.0
4065,,"Stevens County, WA",53065.0,2006.0,2006.0,All other non-drug and non-alcohol causes,O9,391.0
4066,,"Thurston County, WA",53067.0,2006.0,2006.0,Drug poisonings (overdose) Unintentional (X40-X44),D1,20.0
4067,,"Thurston County, WA",53067.0,2006.0,2006.0,All other alcohol-induced causes,A9,27.0
4068,,"Thurston County, WA",53067.0,2006.0,2006.0,All other non-drug and non-alcohol causes,O9,1793.0
4069,,"Wahkiakum County, WA",53069.0,2006.0,2006.0,All other non-drug and non-alcohol causes,O9,43.0
4070,,"Walla Walla County, WA",53071.0,2006.0,2006.0,All other non-drug and non-alcohol causes,O9,522.0
4071,,"Whatcom County, WA",53073.0,2006.0,2006.0,Drug poisonings (overdose) Unintentional (X40-X44),D1,22.0
4072,,"Whatcom County, WA",53073.0,2006.0,2006.0,All other alcohol-induced causes,A9,18.0
4073,,"Whatcom County, WA",53073.0,2006.0,2006.0,All other non-drug and non-alcohol causes,O9,1269.0
4074,,"Whitman County, WA",53075.0,2006.0,2006.0,All other non-drug and non-alcohol causes,O9,211.0
4075,,"Yakima County, WA",53077.0,2006.0,2006.0,Drug poisonings (overdose) Unintentional (X40-X44),D1,12.0
4076,,"Yakima County, WA",53077.0,2006.0,2006.0,All other alcohol-induced causes,A9,29.0
4077,,"Yakima County, WA",53077.0,2006.0,2006.0,All other non-drug and non-alcohol causes,O9,1695.0
4031,,"Adams County, WA",53001.0,2007.0,2007.0,All other non-drug and non-alcohol causes,O9,109.0
4032,,"Asotin County, WA",53003.0,2007.0,2007.0,All other non-drug and non-alcohol causes,O9,210.0
4033,,"Benton County, WA",53005.0,2007.0,2007.0,Drug poisonings (overdose) Unintentional (X40-X44),D1,17.0
4034,,"Benton County, WA",53005.0,2007.0,2007.0,All other alcohol-induced causes,A9,20.0
4035,,"Benton County, WA",53005.0,2007.0,2007.0,All other non-drug and non-alcohol causes,O9,1123.0
4036,,"Chelan County, WA",53007.0,2007.0,2007.0,All other non-drug and non-alcohol causes,O9,583.0
4037,,"Clallam County, WA",53009.0,2007.0,2007.0,Drug poisonings (overdose) Unintentional (X40-X44),D1,19.0
4038,,"Clallam County, WA",53009.0,2007.0,2007.0,All other non-drug and non-alcohol causes,O9,911.0
4039,,"Clark County, WA",53011.0,2007.0,2007.0,Drug poisonings (overdose) Unintentional (X40-X44),D1,41.0
4040,,"Clark County, WA",53011.0,2007.0,2007.0,Drug poisonings (overdose) Suicide (X60-X64),D2,14.0
4041,,"Clark County, WA",53011.0,2007.0,2007.0,All other alcohol-induced causes,A9,34.0
4042,,"Clark County, WA",53011.0,2007.0,2007.0,All other non-drug and non-alcohol causes,O9,2571.0
4043,,"Columbia County, WA",53013.0,2007.0,2007.0,All other non-drug and non-alcohol causes,O9,50.0
4044,,"Cowlitz County, WA",53015.0,2007.0,2007.0,Drug poisonings (overdose) Unintentional (X40-X44),D1,15.0
4045,,"Cowlitz County, WA",53015.0,2007.0,2007.0,All other alcohol-induced causes,A9,16.0
4046,,"Cowlitz County, WA",53015.0,2007.0,2007.0,All other non-drug and non-alcohol causes,O9,974.0
4047,,"Douglas County, WA",53017.0,2007.0,2007.0,All other non-drug and non-alcohol causes,O9,248.0
4048,,"Ferry County, WA",53019.0,2007.0,2007.0,All other non-drug and non-alcohol causes,O9,92.0
4049,,"Franklin County, WA",53021.0,2007.0,2007.0,All other non-drug and non-alcohol causes,O9,295.0
4050,,"Garfield County, WA",53023.0,2007.0,2007.0,All other non-drug and non-alcohol causes,O9,24.0
4051,,"Grant County, WA",53025.0,2007.0,2007.0,Drug poisonings (overdose) Unintentional (X40-X44),D1,11.0
4052,,"Grant County, WA",53025.0,2007.0,2007.0,All other alcohol-induced causes,A9,10.0
4053,,"Grant County, WA",53025.0,2007.0,2007.0,All other non-drug and non-alcohol causes,O9,546.0
4054,,"Grays Harbor County, WA",53027.0,2007.0,2007.0,All other alcohol-induced causes,A9,12.0
4055,,"Grays Harbor County, WA",53027.0,2007.0,2007.0,All other non-drug and non-alcohol causes,O9,801.0
4056,,"Island County, WA",53029.0,2007.0,2007.0,All other alcohol-induced causes,A9,11.0
4057,,"Island County, WA",53029.0,2007.0,2007.0,All other non-drug and non-alcohol causes,O9,611.0
4058,,"Jefferson County, WA",53031.0,2007.0,2007.0,All other non-drug and non-alcohol causes,O9,287.0
4059,,"King County, WA",53033.0,2007.0,2007.0,Drug poisonings (overdose) Unintentional (X40-X44),D1,212.0
4060,,"King County, WA",53033.0,2007.0,2007.0,Drug poisonings (overdose) Suicide (X60-X64),D2,32.0
4061,,"King County, WA",53033.0,2007.0,2007.0,Drug poisonings (overdose) Undetermined (Y10-Y14),D4,14.0
4062,,"King County, WA",53033.0,2007.0,2007.0,"Alcohol poisonings (overdose) (X45, X65, Y15)",A1,11.0
4063,,"King County, WA",53033.0,2007.0,2007.0,All other alcohol-induced causes,A9,160.0
4064,,"King County, WA",53033.0,2007.0,2007.0,All other non-drug and non-alcohol causes,O9,11273.0
4065,,"Kitsap County, WA",53035.0,2007.0,2007.0,Drug poisonings (overdose) Unintentional (X40-X44),D1,23.0
4066,,"Kitsap County, WA",53035.0,2007.0,2007.0,All other alcohol-induced causes,A9,33.0
4067,,"Kitsap County, WA",53035.0,2007.0,2007.0,All other non-drug and non-alcohol causes,O9,1836.0
4068,,"Kittitas County, WA",53037.0,2007.0,2007.0,All other non-drug and non-alcohol causes,O9,241.0
4069,,"Klickitat County, WA",53039.0,2007.0,2007.0,All other non-drug and non-alcohol causes,O9,173.0
4070,,"Lewis County, WA",53041.0,2007.0,2007.0,Drug poisonings (overdose) Unintentional (X40-X44),D1,12.0
4071,,"Lewis County, WA",53041.0,2007.0,2007.0,All other non-drug and non-alcohol causes,O9,722.0
4072,,"Lincoln County, WA",53043.0,2007.0,2007.0,All other non-drug and non-alcohol causes,O9,103.0
4073,,"Mason County, WA",53045.0,2007.0,2007.0,All other non-drug and non-alcohol causes,O9,585.0
4074,,"Okanogan County, WA",53047.0,2007.0,2007.0,All other non-drug and non-alcohol causes,O9,336.0
4075,,"Pacific County, WA",53049.0,2007.0,2007.0,All other non-drug and non-alcohol causes,O9,298.0
4076,,"Pend Oreille County, WA",53051.0,2007.0,2007.0,All other non-drug and non-alcohol causes,O9,152.0
4077,,"Pierce County, WA",53053.0,2007.0,2007.0,Drug poisonings (overdose) Unintentional (X40-X44),D1,98.0
4078,,"Pierce County, WA",53053.0,2007.0,2007.0,Drug poisonings (overdose) Suicide (X60-X64),D2,12.0
4079,,"Pierce County, WA",53053.0,2007.0,2007.0,Drug poisonings (overdose) Undetermined (Y10-Y14),D4,15.0
4080,,"Pierce County, WA",53053.0,2007.0,2007.0,All other alcohol-induced causes,A9,85.0
4081,,"Pierce County, WA",53053.0,2007.0,2007.0,All other non-drug and non-alcohol causes,O9,5414.0
4082,,"San Juan County, WA",53055.0,2007.0,2007.0,All other non-drug and non-alcohol causes,O9,116.0
4083,,"Skagit County, WA",53057.0,2007.0,2007.0,Drug poisonings (overdose) Unintentional (X40-X44),D1,12.0
4084,,"Skagit County, WA",53057.0,2007.0,2007.0,All other alcohol-induced causes,A9,10.0
4085,,"Skagit County, WA",53057.0,2007.0,2007.0,All other non-drug and non-alcohol causes,O9,975.0
4086,,"Skamania County, WA",53059.0,2007.0,2007.0,All other non-drug and non-alcohol causes,O9,65.0
4102,,"Whatcom County, WA",53073.0,2007.0,2007.0,All other alcohol-induced causes,A9,24.0
4103,,"Whatcom County, WA",53073.0,2007.0,2007.0,All other non-drug and non-alcohol causes,O9,1377.0
4104,,"Whitman County, WA",53075.0,2007.0,2007.0,All other non-drug and non-alcohol causes,O9,220.0
4105,,"Yakima County, WA",53077.0,2007.0,2007.0,Drug poisonings (overdose) Unintentional (X40-X44),D1,24.0
4106,,"Yakima County, WA",53077.0,2007.0,2007.0,All other alcohol-induced causes,A9,31.0
4107,,"Yakima County, WA",53077.0,2007.0,2007.0,All other non-drug and non-alcohol causes,O9,1713.0
4102,,"Asotin County, WA",53003.0,2008.0,2008.0,All other non-drug and non-alcohol causes,O9,222.0
4103,,"Benton County, WA",53005.0,2008.0,2008.0,Drug poisonings (overdose) Unintentional (X40-X44),D1,10.0
4104,,"Benton County, WA",53005.0,2008.0,2008.0,All other alcohol-induced causes,A9,18.0
4105,,"Benton County, WA",53005.0,2008.0,2008.0,All other non-drug and non-alcohol causes,O9,1151.0
4106,,"Chelan County, WA",53007.0,2008.0,2008.0,All other alcohol-induced causes,A9,12.0
4107,,"Chelan County, WA",53007.0,2008.0,2008.0,All other non-drug and non-alcohol causes,O9,633.0
4108,,"Clallam County, WA",53009.0,2008.0,2008.0,Drug poisonings (overdose) Unintentional (X40-X44),D1,17.0
4109,,"Clallam County, WA",53009.0,2008.0,2008.0,All other alcohol-induced causes,A9,15.0
4110,,"Clallam County, WA",53009.0,2008.0,2008.0,All other non-drug and non-alcohol causes,O9,878.0
4111,,"Clark County, WA",53011.0,2008.0,2008.0,Drug poisonings (overdose) Unintentional (X40-X44),D1,44.0
4112,,"Clark County, WA",53011.0,2008.0,2008.0,Drug poisonings (overdose) Suicide (X60-X64),D2,17.0
4113,,"Clark County, WA",53011.0,2008.0,2008.0,All other alcohol-induced causes,A9,46.0
4114,,"Clark County, WA",53011.0,2008.0,2008.0,All other non-drug and non-alcohol causes,O9,2648.0
4115,,"Columbia County, WA",53013.0,2008.0,2008.0,All other non-drug and non-alcohol causes,O9,38.0
4116,,"Cowlitz County, WA",53015.0,2008.0,2008.0,Drug poisonings (overdose) Unintentional (X40-X44),D1,20.0
4117,,"Cowlitz County, WA",53015.0,2008.0,2008.0,All other alcohol-induced causes,A9,15.0
4118,,"Cowlitz County, WA",53015.0,2008.0,2008.0,All other non-drug and non-alcohol causes,O9,963.0
4119,,"Douglas County, WA",53017.0,2008.0,2008.0,All other non-drug and non-alcohol causes,O9,269.0
4120,,"Ferry County, WA",53019.0,2008.0,2008.0,All other non-drug and non-alcohol causes,O9,63.0
4121,,"Franklin County, WA",53021.0,2008.0,2008.0,All other non-drug and non-alcohol causes,O9,344.0
4122,,"Garfield County, WA",53023.0,2008.0,2008.0,All other non-drug and non-alcohol causes,O9,29.0
4123,,"Grant County, WA",53025.0,2008.0,2008.0,Drug poisonings (overdose) Unintentional (X40-X44),D1,11.0
4124,,"Grant County, WA",53025.0,2008.0,2008.0,All other alcohol-induced causes,A9,11.0
4125,,"Grant County, WA",53025.0,2008.0,2008.0,All other non-drug and non-alcohol causes,O9,572.0
4126,,"Grays Harbor County, WA",53027.0,2008.0,2008.0,Drug poisonings (overdose) Unintentional (X40-X44),D1,12.0
4127,,"Grays Harbor County, WA",53027.0,2008.0,2008.0,All other alcohol-induced causes,A9,12.0
4128,,"Grays Harbor County, WA",53027.0,2008.0,2008.0,All other non-drug and non-alcohol causes,O9,749.0
4129,,"Island County, WA",53029.0,2008.0,2008.0,All other non-drug and non-alcohol causes,O9,625.0
4130,,"Jefferson County, WA",53031.0,2008.0,2008.0,All other non-drug and non-alcohol causes,O9,329.0
4131,,"King County, WA",53033.0,2008.0,2008.0,Drug poisonings (overdose) Unintentional (X40-X44),D1,206.0
4132,,"King County, WA",53033.0,2008.0,2008.0,Drug poisonings (overdose) Suicide (X60-X64),D2,28.0
4133,,"King County, WA",53033.0,2008.0,2008.0,Drug poisonings (overdose) Undetermined (Y10-Y14),D4,11.0
4134,,"King County, WA",53033.0,2008.0,2008.0,All other alcohol-induced causes,A9,168.0
4150,,"Pacific County, WA",53049.0,2008.0,2008.0,All other non-drug and non-alcohol causes,O9,286.0
4151,,"Pend Oreille County, WA",53051.0,2008.0,2008.0,All other non-drug and non-alcohol causes,O9,146.0
4152,,"Pierce County, WA",53053.0,2008.0,2008.0,Drug poisonings (overdose) Unintentional (X40-X44),D1,108.0
4153,,"Pierce County, WA",53053.0,2008.0,2008.0,Drug poisonings (overdose) Suicide (X60-X64),D2,21.0
4154,,"Pierce County, WA",53053.0,2008.0,2008.0,All other alcohol-induced causes,A9,112.0
4155,,"Pierce County, WA",53053.0,2008.0,2008.0,All other non-drug and non-alcohol causes,O9,5603.0
4156,,"San Juan County, WA",53055.0,2008.0,2008.0,All other non-drug and non-alcohol causes,O9,130.0
4157,,"Skagit County, WA",53057.0,2008.0,2008.0,Drug poisonings (overdose) Unintentional (X40-X44),D1,10.0
4158,,"Skagit County, WA",53057.0,2008.0,2008.0,All other alcohol-induced causes,A9,17.0
4159,,"Skagit County, WA",53057.0,2008.0,2008.0,All other non-drug and non-alcohol causes,O9,1096.0
4160,,"Skamania County, WA",53059.0,2008.0,2008.0,All other non-drug and non-alcohol causes,O9,72.0
4161,,"Snohomish County, WA",53061.0,2008.0,2008.0,Drug poisonings (overdose) Unintentional (X40-X44),D1,109.0
4162,,"Snohomish County, WA",53061.0,2008.0,2008.0,All other alcohol-induced causes,A9,67.0
4163,,"Snohomish County, WA",53061.0,2008.0,2008.0,All other non-drug and non-alcohol causes,O9,4183.0
4164,,"Spokane County, WA",53063.0,2008.0,2008.0,Drug poisonings (overdose) Unintentional (X40-X44),D1,104.0
4165,,"Spokane County, WA",53063.0,2008.0,2008.0,Drug poisonings (overdose) Suicide (X60-X64),D2,22.0
4166,,"Spokane County, WA",53063.0,2008.0,2008.0,All other alcohol-induced causes,A9,49.0
4167,,"Spokane County, WA",53063.0,2008.0,2008.0,All other non-drug and non-alcohol causes,O9,3885.0
4168,,"Stevens County, WA",53065.0,2008.0,2008.0,Drug poisonings (overdose) Unintentional (X40-X44),D1,11.0
4169,,"Stevens County, WA",53065.0,2008.0,2008.0,All other non-drug and non-alcohol causes,O9,382.0
4170,,"Thurston County, WA",53067.0,2008.0,2008.0,Drug poisonings (overdose) Unintentional (X40-X44),D1,19.0
4171,,"Thurston County, WA",53067.0,2008.0,2008.0,All other alcohol-induced causes,A9,30.0
4172,,"Thurston County, WA",53067.0,2008.0,2008.0,All other non-drug and non-alcohol causes,O9,1770.0
4173,,"Wahkiakum County, WA",53069.0,2008.0,2008.0,All other non-drug and non-alcohol causes,O9,60.0
4174,,"Walla Walla County, WA",53071.0,2008.0,2008.0,All other non-drug and non-alcohol causes,O9,567.0
4175,,"Whatcom County, WA",53073.0,2008.0,2008.0,Drug poisonings (overdose) Unintentional (X40-X44),D1,17.0
4176,,"Whatcom County, WA",53073.0,2008.0,2008.0,All other alcohol-induced causes,A9,19.0
4177,,"Whatcom County, WA",53073.0,2008.0,2008.0,All other non-drug and non-alcohol causes,O9,1368.0
4178,,"Whitman County, WA",53075.0,2008.0,2008.0,All other non-drug and non-alcohol causes,O9,226.0
4179,,"Yakima County, WA",53077.0,2008.0,2008.0,Drug poisonings (overdose) Unintentional (X40-X44),D1,10.0
4180,,"Yakima County, WA",53077.0,2008.0,2008.0,All other alcohol-induced causes,A9,27.0
4181,,"Yakima County, WA",53077.0,2008.0,2008.0,All other non-drug and non-alcohol causes,O9,1768.0
4105,,"Adams County, WA",53001.0,2009.0,2009.0,All other non-drug and non-alcohol causes,O9,122.0
4106,,"Asotin County, WA",53003.0,2009.0,2009.0,All other non-drug and non-alcohol causes,O9,229.0
4107,,"Benton County, WA",53005.0,2009.0,2009.0,Drug poisonings (overdose) Unintentional (X40-X44),D1,17.0
4108,,"Benton County, WA",53005.0,2009.0,2009.0,All other non-drug and non-alcohol causes,O9,1157.0
4109,,"Chelan County, WA",53007.0,2009.0,2009.0,All other alcohol-induced causes,A9,13.0
4110,,"Chelan County, WA",53007.0,2009.0,2009.0,All other non-drug and non-alcohol causes,O9,600.0
4111,,"Clallam County, WA",53009.0,2009.0,2009.0,Drug poisonings (overdose) Unintentional (X40-X44),D1,13.0
4112,,"Clallam County, WA",53009.0,2009.0,2009.0,All other alcohol-induced causes,A9,13.0
4113,,"Clallam County, WA",53009.0,2009.0,2009.0,All other non-drug and non-alcohol causes,O9,892.0
4114,,"Clark County, WA",53011.0,2009.0,2009.0,Drug poisonings (overdose) Unintentional (X40-X44),D1,44.0
4115,,"Clark County, WA",53011.0,2009.0,2009.0,Drug poisonings (overdose) Suicide (X60-X64),D2,15.0
4116,,"Clark County, WA",53011.0,2009.0,2009.0,All other alcohol-induced causes,A9,50.0
4117,,"Clark County, WA",53011.0,2009.0,2009.0,All other non-drug and non-alcohol causes,O9,2733.0
4118,,"Columbia County, WA",53013.0,2009.0,2009.0,All other non-drug and non-alcohol causes,O9,39.0
4119,,"Cowlitz County, WA",53015.0,2009.0,2009.0,Drug poisonings (overdose) Unintentional (X40-X44),D1,18.0
4120,,"Cowlitz County, WA",53015.0,2009.0,2009.0,All other alcohol-induced causes,A9,21.0
4121,,"Cowlitz County, WA",53015.0,2009.0,2009.0,All other non-drug and non-alcohol causes,O9,941.0
4122,,"Douglas County, WA",53017.0,2009.0,2009.0,All other non-drug and non-alcohol causes,O9,273.0
4123,,"Ferry County, WA",53019.0,2009.0,2009.0,All other non-drug and non-alcohol causes,O9,70.0
4124,,"Franklin County, WA",53021.0,2009.0,2009.0,All other non-drug and non-alcohol causes,O9,353.0
4125,,"Garfield County, WA",53023.0,2009.0,2009.0,All other non-drug and non-alcohol causes,O9,27.0
4126,,"Grant County, WA",53025.0,2009.0,2009.0,Drug poisonings (overdose) Unintentional (X40-X44),D1,17.0
4127,,"Grant County, WA",53025.0,2009.0,2009.0,All other alcohol-induced causes,A9,10.0
4128,,"Grant County, WA",53025.0,2009.0,2009.0,All other non-drug and non-alcohol causes,O9,574.0
4129,,"Grays Harbor County, WA",53027.0,2009.0,2009.0,Drug poisonings (overdose) Unintentional (X40-X44),D1,16.0
4130,,"Grays Harbor County, WA",53027.0,2009.0,2009.0,All other non-drug and non-alcohol causes,O9,737.0
4131,,"Island County, WA",53029.0,2009.0,2009.0,All other non-drug and non-alcohol causes,O9,584.0
4132,,"Jefferson County, WA",53031.0,2009.0,2009.0,All other non-drug and non-alcohol causes,O9,306.0
4133,,"King County, WA",53033.0,2009.0,2009.0,Drug poisonings (overdose) Unintentional (X40-X44),D1,203.0
4134,,"King County, WA",53033.0,2009.0,2009.0,Drug poisonings (overdose) Suicide (X60-X64),D2,28.0
4150,,"Pend Oreille County, WA",53051.0,2009.0,2009.0,All other non-drug and non-alcohol causes,O9,142.0
4151,,"Pierce County, WA",53053.0,2009.0,2009.0,Drug poisonings (overdose) Unintentional (X40-X44),D1,102.0
4152,,"Pierce County, WA",53053.0,2009.0,2009.0,"Alcohol poisonings (overdose) (X45, X65, Y15)",A1,10.0
4153,,"Pierce County, WA",53053.0,2009.0,2009.0,All other alcohol-induced causes,A9,90.0
4154,,"Pierce County, WA",53053.0,2009.0,2009.0,All other non-drug and non-alcohol causes,O9,5536.0
4155,,"San Juan County, WA",53055.0,2009.0,2009.0,All other non-drug and non-alcohol causes,O9,112.0
4156,,"Skagit County, WA",53057.0,2009.0,2009.0,Drug poisonings (overdose) Unintentional (X40-X44),D1,20.0
4157,,"Skagit County, WA",53057.0,2009.0,2009.0,All other alcohol-induced causes,A9,19.0
4158,,"Skagit County, WA",53057.0,2009.0,2009.0,All other non-drug and non-alcohol causes,O9,1065.0
4159,,"Skamania County, WA",53059.0,2009.0,2009.0,All other non-drug and non-alcohol causes,O9,76.0
4160,,"Snohomish County, WA",53061.0,2009.0,2009.0,Drug poisonings (overdose) Unintentional (X40-X44),D1,109.0
4161,,"Snohomish County, WA",53061.0,2009.0,2009.0,Drug poisonings (overdose) Suicide (X60-X64),D2,16.0
4162,,"Snohomish County, WA",53061.0,2009.0,2009.0,All other alcohol-induced causes,A9,77.0
4163,,"Snohomish County, WA",53061.0,2009.0,2009.0,All other non-drug and non-alcohol causes,O9,4240.0
4164,,"Spokane County, WA",53063.0,2009.0,2009.0,Drug poisonings (overdose) Unintentional (X40-X44),D1,74.0
4165,,"Spokane County, WA",53063.0,2009.0,2009.0,All other alcohol-induced causes,A9,66.0
4166,,"Spokane County, WA",53063.0,2009.0,2009.0,All other non-drug and non-alcohol causes,O9,3833.0
4167,,"Stevens County, WA",53065.0,2009.0,2009.0,All other non-drug and non-alcohol causes,O9,391.0
4168,,"Thurston County, WA",53067.0,2009.0,2009.0,Drug poisonings (overdose) Unintentional (X40-X44),D1,28.0
4169,,"Thurston County, WA",53067.0,2009.0,2009.0,All other alcohol-induced causes,A9,28.0
4170,,"Thurston County, WA",53067.0,2009.0,2009.0,All other non-drug and non-alcohol causes,O9,1760.0
4171,,"Wahkiakum County, WA",53069.0,2009.0,2009.0,All other non-drug and non-alcohol causes,O9,37.0
4172,,"Walla Walla County, WA",53071.0,2009.0,2009.0,All other alcohol-induced causes,A9,11.0
4173,,"Walla Walla County, WA",53071.0,2009.0,2009.0,All other non-drug and non-alcohol causes,O9,563.0
4174,,"Whatcom County, WA",53073.0,2009.0,2009.0,Drug poisonings (overdose) Unintentional (X40-X44),D1,18.0
4175,,"Whatcom County, WA",53073.0,2009.0,2009.0,All other alcohol-induced causes,A9,19.0
4176,,"Whatcom County, WA",53073.0,2009.0,2009.0,All other non-drug and non-alcohol causes,O9,1342.0
4177,,"Whitman County, WA",53075.0,2009.0,2009.0,All other non-drug and non-alcohol causes,O9,226.0
4178,,"Yakima County, WA",53077.0,2009.0,2009.0,Drug poisonings (overdose) Unintentional (X40-X44),D1,17.0
4179,,"Yakima County, WA",53077.0,2009.0,2009.0,All other alcohol-induced causes,A9,35.0
4180,,"Yakima County, WA",53077.0,2009.0,2009.0,All other non-drug and non-alcohol causes,O9,1822.0
4163,,"Adams County, WA",53001.0,2010.0,2010.0,All other non-drug and non-alcohol causes,O9,106.0
4164,,"Asotin County, WA",53003.0,2010.0,2010.0,All other non-drug and non-alcohol causes,O9,183.0
4165,,"Benton County, WA",53005.0,2010.0,2010.0,Drug poisonings (overdose) Unintentional (X40-X44),D1,10.0
4166,,"Benton County, WA",53005.0,2010.0,2010.0,All other alcohol-induced causes,A9,15.0
4167,,"Benton County, WA",53005.0,2010.0,2010.0,All other non-drug and non-alcohol causes,O9,1238.0
4168,,"Chelan County, WA",53007.0,2010.0,2010.0,Drug poisonings (overdose) Unintentional (X40-X44),D1,11.0
4169,,"Chelan County, WA",53007.0,2010.0,2010.0,All other non-drug and non-alcohol causes,O9,570.0
4170,,"Clallam County, WA",53009.0,2010.0,2010.0,Drug poisonings (overdose) Unintentional (X40-X44),D1,11.0
4171,,"Clallam County, WA",53009.0,2010.0,2010.0,All other alcohol-induced causes,A9,10.0
4172,,"Clallam County, WA",53009.0,2010.0,2010.0,All other non-drug and non-alcohol causes,O9,856.0
4173,,"Clark County, WA",53011.0,2010.0,2010.0,Drug poisonings (overdose) Unintentional (X40-X44),D1,37.0
4174,,"Clark County, WA",53011.0,2010.0,2010.0,Drug poisonings (overdose) Suicide (X60-X64),D2,13.0
4175,,"Clark County, WA",53011.0,2010.0,2010.0,All other alcohol-induced causes,A9,38.0
4176,,"Clark County, WA",53011.0,2010.0,2010.0,All other non-drug and non-alcohol causes,O9,2764.0
4177,,"Columbia County, WA",53013.0,2010.0,2010.0,All other non-drug and non-alcohol causes,O9,59.0
4178,,"Cowlitz County, WA",53015.0,2010.0,2010.0,Drug poisonings (overdose) Unintentional (X40-X44),D1,14.0
4179,,"Cowlitz County, WA",53015.0,2010.0,2010.0,All other alcohol-induced causes,A9,22.0
4180,,"Cowlitz County, WA",53015.0,2010.0,2010.0,All other non-drug and non-alcohol causes,O9,940.0
4181,,"Douglas County, WA",53017.0,2010.0,2010.0,All other non-drug and non-alcohol causes,O9,289.0
4182,,"Ferry County, WA",53019.0,2010.0,2010.0,All other non-drug and non-alcohol causes,O9,74.0
4183,,"Franklin County, WA",53021.0,2010.0,2010.0,All other non-drug and non-alcohol causes,O9,311.0
4184,,"Garfield County, WA",53023.0,2010.0,2010.0,All other non-drug and non-alcohol causes,O9,26.0
4185,,"Grant County, WA",53025.0,2010.0,2010.0,All other alcohol-induced causes,A9,13.0
4186,,"Grant County, WA",53025.0,2010.0,2010.0,All other non-drug and non-alcohol causes,O9,614.0
4187,,"Grays Harbor County, WA",53027.0,2010.0,2010.0,All other alcohol-induced causes,A9,15.0
4188,,"Grays Harbor County, WA",53027.0,2010.0,2010.0,All other non-drug and non-alcohol causes,O9,725.0
4189,,"Island County, WA",53029.0,2010.0,2010.0,All other alcohol-induced causes,A9,13.0
4190,,"Island County, WA",53029.0,2010.0,2010.0,All other non-drug and non-alcohol causes,O9,610.0
4191,,"Jefferson County, WA",53031.0,2010.0,2010.0,All other non-drug and non-alcohol causes,O9,341.0
4192,,"King County, WA",53033.0,2010.0,2010.0,Drug poisonings (overdose) Unintentional (X40-X44),D1,191.0
4193,,"King County, WA",53033.0,2010.0,2010.0,Drug poisonings (overdose) Suicide (X60-X64),D2,47.0
4194,,"King County, WA",53033.0,2010.0,2010.0,"Alcohol poisonings (overdose) (X45, X65, Y15)",A1,12.0
4195,,"King County, WA",53033.0,2010.0,2010.0,All other alcohol-induced causes,A9,187.0
4196,,"King County, WA",53033.0,2010.0,2010.0,All other non-drug and non-alcohol causes,O9,11308.0
4197,,"Kitsap County, WA",53035.0,2010.0,2010.0,Drug poisonings (overdose) Unintentional (X40-X44),D1,19.0
4198,,"Kitsap County, WA",53035.0,2010.0,2010.0,All other alcohol-induced causes,A9,37.0
4199,,"Kitsap County, WA",53035.0,2010.0,2010.0,All other non-drug and non-alcohol causes,O9,1900.0
4200,,"Kittitas County, WA",53037.0,2010.0,2010.0,All other non-drug and non-alcohol causes,O9,271.0
4201,,"Klickitat County, WA",53039.0,2010.0,2010.0,All other non-drug and non-alcohol causes,O9,152.0
4217,,"Skagit County, WA",53057.0,2010.0,2010.0,Drug poisonings (overdose) Unintentional (X40-X44),D1,16.0
4218,,"Skagit County, WA",53057.0,2010.0,2010.0,All other alcohol-induced causes,A9,17.0
4219,,"Skagit County, WA",53057.0,2010.0,2010.0,All other non-drug and non-alcohol causes,O9,1044.0
4220,,"Skamania County, WA",53059.0,2010.0,2010.0,All other non-drug and non-alcohol causes,O9,80.0
4221,,"Snohomish County, WA",53061.0,2010.0,2010.0,Drug poisonings (overdose) Unintentional (X40-X44),D1,89.0
4222,,"Snohomish County, WA",53061.0,2010.0,2010.0,Drug poisonings (overdose) Suicide (X60-X64),D2,19.0
4223,,"Snohomish County, WA",53061.0,2010.0,2010.0,All other alcohol-induced causes,A9,81.0
4224,,"Snohomish County, WA",53061.0,2010.0,2010.0,All other non-drug and non-alcohol causes,O9,4271.0
4225,,"Spokane County, WA",53063.0,2010.0,2010.0,Drug poisonings (overdose) Unintentional (X40-X44),D1,61.0
4226,,"Spokane County, WA",53063.0,2010.0,2010.0,Drug poisonings (overdose) Suicide (X60-X64),D2,14.0
4227,,"Spokane County, WA",53063.0,2010.0,2010.0,All other alcohol-induced causes,A9,68.0
4228,,"Spokane County, WA",53063.0,2010.0,2010.0,All other non-drug and non-alcohol causes,O9,3777.0
4229,,"Stevens County, WA",53065.0,2010.0,2010.0,All other non-drug and non-alcohol causes,O9,392.0
4230,,"Thurston County, WA",53067.0,2010.0,2010.0,Drug poisonings (overdose) Unintentional (X40-X44),D1,22.0
4231,,"Thurston County, WA",53067.0,2010.0,2010.0,All other alcohol-induced causes,A9,39.0
4232,,"Thurston County, WA",53067.0,2010.0,2010.0,All other non-drug and non-alcohol causes,O9,1754.0
4233,,"Wahkiakum County, WA",53069.0,2010.0,2010.0,All other non-drug and non-alcohol causes,O9,41.0
4234,,"Walla Walla County, WA",53071.0,2010.0,2010.0,All other non-drug and non-alcohol causes,O9,526.0
4235,,"Whatcom County, WA",53073.0,2010.0,2010.0,Drug poisonings (overdose) Unintentional (X40-X44),D1,14.0
4236,,"Whatcom County, WA",53073.0,2010.0,2010.0,All other alcohol-induced causes,A9,15.0
4237,,"Whatcom County, WA",53073.0,2010.0,2010.0,All other non-drug and non-alcohol causes,O9,1361.0
4238,,"Whitman County, WA",53075.0,2010.0,2010.0,All other non-drug and non-alcohol causes,O9,233.0
4239,,"Yakima County, WA",53077.0,2010.0,2010.0,Drug poisonings (overdose) Unintentional (X40-X44),D1,24.0
4240,,"Yakima County, WA",53077.0,2010.0,2010.0,All other alcohol-induced causes,A9,29.0
4241,,"Yakima County, WA",53077.0,2010.0,2010.0,All other non-drug and non-alcohol causes,O9,1746.0
4232,,"Adams County, WA",53001.0,2011.0,2011.0,All other non-drug and non-alcohol causes,O9,104.0
4233,,"Asotin County, WA",53003.0,2011.0,2011.0,All other non-drug and non-alcohol causes,O9,227.0
4234,,"Benton County, WA",53005.0,2011.0,2011.0,Drug poisonings (overdose) Unintentional (X40-X44),D1,16.0
4235,,"Benton County, WA",53005.0,2011.0,2011.0,All other alcohol-induced causes,A9,24.0
4236,,"Benton County, WA",53005.0,2011.0,2011.0,All other non-drug and non-alcohol causes,O9,1202.0
4237,,"Chelan County, WA",53007.0,2011.0,2011.0,Drug poisonings (overdose) Unintentional (X40-X44),D1,10.0
4238,,"Chelan County, WA",53007.0,2011.0,2011.0,All other alcohol-induced causes,A9,10.0
4239,,"Chelan County, WA",53007.0,2011.0,2011.0,All other non-drug and non-alcohol causes,O9,647.0
4240,,"Clallam County, WA",53009.0,2011.0,2011.0,All other alcohol-induced causes,A9,16.0
4241,,"Clallam County, WA",53009.0,2011.0,2011.0,All other non-drug and non-alcohol causes,O9,924.0
4242,,"Clark County, WA",53011.0,2011.0,2011.0,Drug poisonings (overdose) Unintentional (X40-X44),D1,43.0
4243,,"Clark County, WA",53011.0,2011.0,2011.0,Drug poisonings (overdose) Suicide (X60-X64),D2,12.0
4244,,"Clark County, WA",53011.0,2011.0,2011.0,All other alcohol-induced causes,A9,40.0
4245,,"Clark County, WA",53011.0,2011.0,2011.0,All other non-drug and non-alcohol causes,O9,2918.0
4246,,"Columbia County, WA",53013.0,2011.0,2011.0,All other non-drug and non-alcohol causes,O9,57.0
4247,,"Cowlitz County, WA",53015.0,2011.0,2011.0,Drug poisonings (overdose) Unintentional (X40-X44),D1,27.0
4248,,"Cowlitz County, WA",53015.0,2011.0,2011.0,All other alcohol-induced causes,A9,31.0
4249,,"Cowlitz County, WA",53015.0,2011.0,2011.0,All other non-drug and non-alcohol causes,O9,951.0
4250,,"Douglas County, WA",53017.0,2011.0,2011.0,All other non-drug and non-alcohol causes,O9,281.0
4251,,"Ferry County, WA",53019.0,2011.0,2011.0,All other non-drug and non-alcohol causes,O9,83.0
4252,,"Franklin County, WA",53021.0,2011.0,2011.0,All other non-drug and non-alcohol causes,O9,366.0
4253,,"Garfield County, WA",53023.0,2011.0,2011.0,All other non-drug and non-alcohol causes,O9,36.0
4254,,"Grant County, WA",53025.0,2011.0,2011.0,All other alcohol-induced causes,A9,13.0
4255,,"Grant County, WA",53025.0,2011.0,2011.0,All other non-drug and non-alcohol causes,O9,644.0
4256,,"Grays Harbor County, WA",53027.0,2011.0,2011.0,Drug poisonings (overdose) Unintentional (X40-X44),D1,10.0
4257,,"Grays Harbor County, WA",53027.0,2011.0,2011.0,All other alcohol-induced causes,A9,14.0
4258,,"Grays Harbor County, WA",53027.0,2011.0,2011.0,All other non-drug and non-alcohol causes,O9,738.0
4259,,"Island County, WA",53029.0,2011.0,2011.0,All other alcohol-induced causes,A9,12.0
4260,,"Island County, WA",53029.0,2011.0,2011.0,All other non-drug and non-alcohol causes,O9,622.0
4261,,"Jefferson County, WA",53031.0,2011.0,2011.0,All other non-drug and non-alcohol causes,O9,336.0
4277,,"Okanogan County, WA",53047.0,2011.0,2011.0,All other alcohol-induced causes,A9,16.0
4278,,"Okanogan County, WA",53047.0,2011.0,2011.0,All other non-drug and non-alcohol causes,O9,404.0
4279,,"Pacific County, WA",53049.0,2011.0,2011.0,All other non-drug and non-alcohol causes,O9,280.0
4280,,"Pend Oreille County, WA",53051.0,2011.0,2011.0,All other non-drug and non-alcohol causes,O9,132.0
4281,,"Pierce County, WA",53053.0,2011.0,2011.0,Drug poisonings (overdose) Unintentional (X40-X44),D1,98.0
4282,,"Pierce County, WA",53053.0,2011.0,2011.0,Drug poisonings (overdose) Suicide (X60-X64),D2,30.0
4283,,"Pierce County, WA",53053.0,2011.0,2011.0,All other drug-induced causes,D9,11.0
4284,,"Pierce County, WA",53053.0,2011.0,2011.0,All other alcohol-induced causes,A9,95.0
4285,,"Pierce County, WA",53053.0,2011.0,2011.0,All other non-drug and non-alcohol causes,O9,5514.0
4286,,"San Juan County, WA",53055.0,2011.0,2011.0,All other non-drug and non-alcohol causes,O9,131.0
4287,,"Skagit County, WA",53057.0,2011.0,2011.0,Drug poisonings (overdose) Unintentional (X40-X44),D1,15.0
4288,,"Skagit County, WA",53057.0,2011.0,2011.0,All other alcohol-induced causes,A9,25.0
4289,,"Skagit County, WA",53057.0,2011.0,2011.0,All other non-drug and non-alcohol causes,O9,1075.0
4290,,"Skamania County, WA",53059.0,2011.0,2011.0,All other non-drug and non-alcohol causes,O9,78.0
4291,,"Snohomish County, WA",53061.0,2011.0,2011.0,Drug poisonings (overdose) Unintentional (X40-X44),D1,143.0
4292,,"Snohomish County, WA",53061.0,2011.0,2011.0,Drug poisonings (overdose) Suicide (X60-X64),D2,25.0
4293,,"Snohomish County, WA",53061.0,2011.0,2011.0,All other alcohol-induced causes,A9,87.0
4294,,"Snohomish County, WA",53061.0,2011.0,2011.0,All other non-drug and non-alcohol causes,O9,4407.0
4295,,"Spokane County, WA",53063.0,2011.0,2011.0,Drug poisonings (overdose) Unintentional (X40-X44),D1,63.0
4296,,"Spokane County, WA",53063.0,2011.0,2011.0,Drug poisonings (overdose) Suicide (X60-X64),D2,10.0
4297,,"Spokane County, WA",53063.0,2011.0,2011.0,All other alcohol-induced causes,A9,64.0
4298,,"Spokane County, WA",53063.0,2011.0,2011.0,All other non-drug and non-alcohol causes,O9,3866.0
4299,,"Stevens County, WA",53065.0,2011.0,2011.0,All other non-drug and non-alcohol causes,O9,419.0
4300,,"Thurston County, WA",53067.0,2011.0,2011.0,Drug poisonings (overdose) Unintentional (X40-X44),D1,27.0
4301,,"Thurston County, WA",53067.0,2011.0,2011.0,All other alcohol-induced causes,A9,32.0
4302,,"Thurston County, WA",53067.0,2011.0,2011.0,All other non-drug and non-alcohol causes,O9,1887.0
4303,,"Wahkiakum County, WA",53069.0,2011.0,2011.0,All other non-drug and non-alcohol causes,O9,52.0
4247,,"Adams County, WA",53001.0,2012.0,2012.0,All other non-drug and non-alcohol causes,O9,112.0
4248,,"Asotin County, WA",53003.0,2012.0,2012.0,All other non-drug and non-alcohol causes,O9,251.0
4249,,"Benton County, WA",53005.0,2012.0,2012.0,Drug poisonings (overdose) Unintentional (X40-X44),D1,16.0
4250,,"Benton County, WA",53005.0,2012.0,2012.0,All other alcohol-induced causes,A9,19.0
4251,,"Benton County, WA",53005.0,2012.0,2012.0,All other non-drug and non-alcohol causes,O9,1201.0
4252,,"Chelan County, WA",53007.0,2012.0,2012.0,All other alcohol-induced causes,A9,14.0
4253,,"Chelan County, WA",53007.0,2012.0,2012.0,All other non-drug and non-alcohol causes,O9,618.0
4254,,"Clallam County, WA",53009.0,2012.0,2012.0,Drug poisonings (overdose) Unintentional (X40-X44),D1,12.0
4255,,"Clallam County, WA",53009.0,2012.0,2012.0,All other alcohol-induced causes,A9,14.0
4256,,"Clallam County, WA",53009.0,2012.0,2012.0,All other non-drug and non-alcohol causes,O9,868.0
4257,,"Clark County, WA",53011.0,2012.0,2012.0,Drug poisonings (overdose) Unintentional (X40-X44),D1,52.0
4258,,"Clark County, WA",53011.0,2012.0,2012.0,Drug poisonings (overdose) Suicide (X60-X64),D2,10.0
4259,,"Clark County, WA",53011.0,2012.0,2012.0,All other alcohol-induced causes,A9,47.0
4260,,"Clark County, WA",53011.0,2012.0,2012.0,All other non-drug and non-alcohol causes,O9,2891.0
4261,,"Columbia County, WA",53013.0,2012.0,2012.0,All other non-drug and non-alcohol causes,O9,39.0
4277,,"Jefferson County, WA",53031.0,2012.0,2012.0,All other non-drug and non-alcohol causes,O9,312.0
4278,,"King County, WA",53033.0,2012.0,2012.0,Drug poisonings (overdose) Unintentional (X40-X44),D1,201.0
4279,,"King County, WA",53033.0,2012.0,2012.0,Drug poisonings (overdose) Suicide (X60-X64),D2,50.0
4280,,"King County, WA",53033.0,2012.0,2012.0,Drug poisonings (overdose) Undetermined (Y10-Y14),D4,10.0
4281,,"King County, WA",53033.0,2012.0,2012.0,"Alcohol poisonings (overdose) (X45, X65, Y15)",A1,14.0
4282,,"King County, WA",53033.0,2012.0,2012.0,All other alcohol-induced causes,A9,204.0
4283,,"King County, WA",53033.0,2012.0,2012.0,All other non-drug and non-alcohol causes,O9,11810.0
4284,,"Kitsap County, WA",53035.0,2012.0,2012.0,Drug poisonings (overdose) Unintentional (X40-X44),D1,20.0
4285,,"Kitsap County, WA",53035.0,2012.0,2012.0,All other alcohol-induced causes,A9,33.0
4286,,"Kitsap County, WA",53035.0,2012.0,2012.0,All other non-drug and non-alcohol causes,O9,1905.0
4287,,"Kittitas County, WA",53037.0,2012.0,2012.0,All other non-drug and non-alcohol causes,O9,258.0
4288,,"Klickitat County, WA",53039.0,2012.0,2012.0,All other non-drug and non-alcohol causes,O9,178.0
4289,,"Lewis County, WA",53041.0,2012.0,2012.0,All other alcohol-induced causes,A9,16.0
4290,,"Lewis County, WA",53041.0,2012.0,2012.0,All other non-drug and non-alcohol causes,O9,818.0
4291,,"Lincoln County, WA",53043.0,2012.0,2012.0,All other non-drug and non-alcohol causes,O9,106.0
4292,,"Mason County, WA",53045.0,2012.0,2012.0,Drug poisonings (overdose) Unintentional (X40-X44),D1,14.0
4293,,"Mason County, WA",53045.0,2012.0,2012.0,All other alcohol-induced causes,A9,14.0
4294,,"Mason County, WA",53045.0,2012.0,2012.0,All other non-drug and non-alcohol causes,O9,580.0
4295,,"Okanogan County, WA",53047.0,2012.0,2012.0,All other alcohol-induced causes,A9,11.0
4296,,"Okanogan County, WA",53047.0,2012.0,2012.0,All other non-drug and non-alcohol causes,O9,404.0
4297,,"Pacific County, WA",53049.0,2012.0,2012.0,All other non-drug and non-alcohol causes,O9,274.0
4298,,"Pend Oreille County, WA",53051.0,2012.0,2012.0,All other non-drug and non-alcohol causes,O9,140.0
4299,,"Pierce County, WA",53053.0,2012.0,2012.0,Drug poisonings (overdose) Unintentional (X40-X44),D1,80.0
4300,,"Pierce County, WA",53053.0,2012.0,2012.0,Drug poisonings (overdose) Suicide (X60-X64),D2,29.0
4301,,"Pierce County, WA",53053.0,2012.0,2012.0,"Alcohol poisonings (overdose) (X45, X65, Y15)",A1,11.0
4302,,"Pierce County, WA",53053.0,2012.0,2012.0,All other alcohol-induced causes,A9,119.0
4303,,"Pierce County, WA",53053.0,2012.0,2012.0,All other non-drug and non-alcohol causes,O9,5435.0
4319,,"Thurston County, WA",53067.0,2012.0,2012.0,All other alcohol-induced causes,A9,29.0
4320,,"Thurston County, WA",53067.0,2012.0,2012.0,All other non-drug and non-alcohol causes,O9,1935.0
4321,,"Wahkiakum County, WA",53069.0,2012.0,2012.0,All other non-drug and non-alcohol causes,O9,46.0
4322,,"Walla Walla County, WA",53071.0,2012.0,2012.0,All other alcohol-induced causes,A9,19.0
4323,,"Walla Walla County, WA",53071.0,2012.0,2012.0,All other non-drug and non-alcohol causes,O9,532.0
4324,,"Whatcom County, WA",53073.0,2012.0,2012.0,Drug poisonings (overdose) Unintentional (X40-X44),D1,13.0
4325,,"Whatcom County, WA",53073.0,2012.0,2012.0,All other alcohol-induced causes,A9,31.0
4326,,"Whatcom County, WA",53073.0,2012.0,2012.0,All other non-drug and non-alcohol causes,O9,1509.0
4327,,"Whitman County, WA",53075.0,2012.0,2012.0,All other non-drug and non-alcohol causes,O9,228.0
4328,,"Yakima County, WA",53077.0,2012.0,2012.0,Drug poisonings (overdose) Unintentional (X40-X44),D1,25.0
4329,,"Yakima County, WA",53077.0,2012.0,2012.0,All other alcohol-induced causes,A9,22.0
4330,,"Yakima County, WA",53077.0,2012.0,2012.0,All other non-drug and non-alcohol causes,O9,1775.0
4319,,"Cowlitz County, WA",53015.0,2013.0,2013.0,Drug poisonings (overdose) Unintentional (X40-X44),D1,21.0
4320,,"Cowlitz County, WA",53015.0,2013.0,2013.0,All other alcohol-induced causes,A9,20.0
4321,,"Cowlitz County, WA",53015.0,2013.0,2013.0,All other non-drug and non-alcohol causes,O9,1045.0
4322,,"Douglas County, WA",53017.0,2013.0,2013.0,All other non-drug and non-alcohol causes,O9,291.0
4323,,"Ferry County, WA",53019.0,2013.0,2013.0,All other non-drug and non-alcohol causes,O9,84.0
4324,,"Franklin County, WA",53021.0,2013.0,2013.0,All other non-drug and non-alcohol causes,O9,351.0
4325,,"Garfield County, WA",53023.0,2013.0,2013.0,All other non-drug and non-alcohol causes,O9,26.0
4326,,"Grant County, WA",53025.0,2013.0,2013.0,All other alcohol-induced causes,A9,15.0
4327,,"Grant County, WA",53025.0,2013.0,2013.0,All other non-drug and non-alcohol causes,O9,651.0
4328,,"Grays Harbor County, WA",53027.0,2013.0,2013.0,Drug poisonings (overdose) Unintentional (X40-X44),D1,12.0
4329,,"Grays Harbor County, WA",53027.0,2013.0,2013.0,All other alcohol-induced causes,A9,18.0
4330,,"Grays Harbor County, WA",53027.0,2013.0,2013.0,All other non-drug and non-alcohol causes,O9,774.0
4331,,"Island County, WA",53029.0,2013.0,2013.0,All other non-drug and non-alcohol causes,O9,624.0
4332,,"Jefferson County, WA",53031.0,2013.0,2013.0,All other non-drug and non-alcohol causes,O9,317.0
4333,,"King County, WA",53033.0,2013.0,2013.0,Drug poisonings (overdose) Unintentional (X40-X44),D1,242.0
4334,,"King County, WA",53033.0,2013.0,2013.0,Drug poisonings (overdose) Suicide (X60-X64),D2,34.0
4335,,"King County, WA",53033.0,2013.0,2013.0,"Alcohol poisonings (overdose) (X45, X65, Y15)",A1,13.0
4336,,"King County, WA",53033.0,2013.0,2013.0,All other alcohol-induced causes,A9,230.0
4337,,"King County, WA",53033.0,2013.0,2013.0,All other non-drug and non-alcohol causes,O9,11941.0
4338,,"Kitsap County, WA",53035.0,2013.0,2013.0,Drug poisonings (overdose) Unintentional (X40-X44),D1,16.0
4339,,"Kitsap County, WA",53035.0,2013.0,2013.0,All other alcohol-induced causes,A9,40.0
4340,,"Kitsap County, WA",53035.0,2013.0,2013.0,All other non-drug and non-alcohol causes,O9,1926.0
4341,,"Kittitas County, WA",53037.0,2013.0,2013.0,All other non-drug and non-alcohol causes,O9,292.0
4342,,"Klickitat County, WA",53039.0,2013.0,2013.0,All other non-drug and non-alcohol causes,O9,158.0
4343,,"Lewis County, WA",53041.0,2013.0,2013.0,All other alcohol-induced causes,A9,11.0
4344,,"Lewis County, WA",53041.0,2013.0,2013.0,All other non-drug and non-alcohol causes,O9,782.0
4345,,"Lincoln County, WA",53043.0,2013.0,2013.0,All other non-drug and non-alcohol causes,O9,106.0
4346,,"Mason County, WA",53045.0,2013.0,2013.0,Drug poisonings (overdose) Unintentional (X40-X44),D1,10.0
4347,,"Mason County, WA",53045.0,2013.0,2013.0,All other alcohol-induced causes,A9,11.0
4348,,"Mason County, WA",53045.0,2013.0,2013.0,All other non-drug and non-alcohol causes,O9,618.0
4349,,"Okanogan County, WA",53047.0,2013.0,2013.0,All other alcohol-induced causes,A9,12.0
4350,,"Okanogan County, WA",53047.0,2013.0,2013.0,All other non-drug and non-alcohol causes,O9,380.0
4351,,"Pacific County, WA",53049.0,2013.0,2013.0,All other non-drug and non-alcohol causes,O9,283.0
4352,,"Pend Oreille County, WA",53051.0,2013.0,2013.0,All other non-drug and non-alcohol causes,O9,140.0
4353,,"Pierce County, WA",53053.0,2013.0,2013.0,Drug poisonings (overdose) Unintentional (X40-X44),D1,97.0
4354,,"Pierce County, WA",53053.0,2013.0,2013.0,Drug poisonings (overdose) Suicide (X60-X64),D2,25.0
4355,,"Pierce County, WA",53053.0,2013.0,2013.0,All other alcohol-induced causes,A9,120.0
4356,,"Pierce County, WA",53053.0,2013.0,2013.0,All other non-drug and non-alcohol causes,O9,5761.0
4357,,"San Juan County, WA",53055.0,2013.0,2013.0,All other non-drug and non-alcohol causes,O9,128.0
4358,,"Skagit County, WA",53057.0,2013.0,2013.0,Drug poisonings (overdose) Unintentional (X40-X44),D1,23.0
4359,,"Skagit County, WA",53057.0,2013.0,2013.0,All other alcohol-induced causes,A9,20.0
4360,,"Skagit County, WA",53057.0,2013.0,2013.0,All other non-drug and non-alcohol causes,O9,1027.0
4361,,"Skamania County, WA",53059.0,2013.0,2013.0,All other non-drug and non-alcohol causes,O9,70.0
4362,,"Snohomish County, WA",53061.0,2013.0,2013.0,Drug poisonings (overdose) Unintentional (X40-X44),D1,112.0
4363,,"Snohomish County, WA",53061.0,2013.0,2013.0,Drug poisonings (overdose) Suicide (X60-X64),D2,14.0
4384,,"Yakima County, WA",53077.0,2013.0,2013.0,All other non-drug and non-alcohol causes,O9,1819.0
4358,,"Adams County, WA",53001.0,2014.0,2014.0,All other non-drug and non-alcohol causes,O9,128.0
4359,,"Asotin County, WA",53003.0,2014.0,2014.0,All other non-drug and non-alcohol causes,O9,227.0
4360,,"Benton County, WA",53005.0,2014.0,2014.0,Drug poisonings (overdose) Unintentional (X40-X44),D1,20.0
4361,,"Benton County, WA",53005.0,2014.0,2014.0,All other alcohol-induced causes,A9,27.0
4362,,"Benton County, WA",53005.0,2014.0,2014.0,All other non-drug and non-alcohol causes,O9,1263.0
4363,,"Chelan County, WA",53007.0,2014.0,2014.0,All other alcohol-induced causes,A9,23.0
4384,,"Island County, WA",53029.0,2014.0,2014.0,Drug poisonings (overdose) Unintentional (X40-X44),D1,13.0
4385,,"Island County, WA",53029.0,2014.0,2014.0,All other alcohol-induced causes,A9,17.0
4386,,"Island County, WA",53029.0,2014.0,2014.0,All other non-drug and non-alcohol causes,O9,647.0
4387,,"Jefferson County, WA",53031.0,2014.0,2014.0,All other non-drug and non-alcohol causes,O9,328.0
4388,,"King County, WA",53033.0,2014.0,2014.0,Drug poisonings (overdose) Unintentional (X40-X44),D1,251.0
4389,,"King County, WA",53033.0,2014.0,2014.0,Drug poisonings (overdose) Suicide (X60-X64),D2,42.0
4390,,"King County, WA",53033.0,2014.0,2014.0,All other drug-induced causes,D9,16.0
4391,,"King County, WA",53033.0,2014.0,2014.0,"Alcohol poisonings (overdose) (X45, X65, Y15)",A1,15.0
4392,,"King County, WA",53033.0,2014.0,2014.0,All other alcohol-induced causes,A9,201.0
4393,,"King County, WA",53033.0,2014.0,2014.0,All other non-drug and non-alcohol causes,O9,12109.0
4394,,"Kitsap County, WA",53035.0,2014.0,2014.0,Drug poisonings (overdose) Unintentional (X40-X44),D1,20.0
4395,,"Kitsap County, WA",53035.0,2014.0,2014.0,All other alcohol-induced causes,A9,54.0
4396,,"Kitsap County, WA",53035.0,2014.0,2014.0,All other non-drug and non-alcohol causes,O9,2058.0
4397,,"Kittitas County, WA",53037.0,2014.0,2014.0,All other non-drug and non-alcohol causes,O9,251.0
4398,,"Klickitat County, WA",53039.0,2014.0,2014.0,All other non-drug and non-alcohol causes,O9,179.0
4399,,"Lewis County, WA",53041.0,2014.0,2014.0,Drug poisonings (overdose) Unintentional (X40-X44),D1,10.0
4400,,"Lewis County, WA",53041.0,2014.0,2014.0,All other alcohol-induced causes,A9,10.0
4401,,"Lewis County, WA",53041.0,2014.0,2014.0,All other non-drug and non-alcohol causes,O9,775.0
4402,,"Lincoln County, WA",53043.0,2014.0,2014.0,All other non-drug and non-alcohol causes,O9,100.0
4403,,"Mason County, WA",53045.0,2014.0,2014.0,All other alcohol-induced causes,A9,14.0
4404,,"Mason County, WA",53045.0,2014.0,2014.0,All other non-drug and non-alcohol causes,O9,597.0
4405,,"Okanogan County, WA",53047.0,2014.0,2014.0,All other alcohol-induced causes,A9,16.0
4406,,"Okanogan County, WA",53047.0,2014.0,2014.0,All other non-drug and non-alcohol causes,O9,399.0
4407,,"Pacific County, WA",53049.0,2014.0,2014.0,All other non-drug and non-alcohol causes,O9,303.0
4408,,"Pend Oreille County, WA",53051.0,2014.0,2014.0,All other non-drug and non-alcohol causes,O9,133.0
4409,,"Pierce County, WA",53053.0,2014.0,2014.0,Drug poisonings (overdose) Unintentional (X40-X44),D1,94.0
4410,,"Pierce County, WA",53053.0,2014.0,2014.0,Drug poisonings (overdose) Suicide (X60-X64),D2,30.0
4411,,"Pierce County, WA",53053.0,2014.0,2014.0,All other drug-induced causes,D9,12.0
4412,,"Pierce County, WA",53053.0,2014.0,2014.0,All other alcohol-induced causes,A9,109.0
4413,,"Pierce County, WA",53053.0,2014.0,2014.0,All other non-drug and non-alcohol causes,O9,5893.0
4414,,"San Juan County, WA",53055.0,2014.0,2014.0,All other non-drug and non-alcohol causes,O9,146.0
4415,,"Skagit County, WA",53057.0,2014.0,2014.0,Drug poisonings (overdose) Unintentional (X40-X44),D1,10.0
4416,,"Skagit County, WA",53057.0,2014.0,2014.0,All other alcohol-induced causes,A9,25.0
4417,,"Skagit County, WA",53057.0,2014.0,2014.0,All other non-drug and non-alcohol causes,O9,1089.0
4418,,"Skamania County, WA",53059.0,2014.0,2014.0,All other non-drug and non-alcohol causes,O9,73.0
4419,,"Snohomish County, WA",53061.0,2014.0,2014.0,Drug poisonings (overdose) Unintentional (X40-X44),D1,102.0
4420,,"Snohomish County, WA",53061.0,2014.0,2014.0,Drug poisonings (overdose) Suicide (X60-X64),D2,22.0
4421,,"Snohomish County, WA",53061.0,2014.0,2014.0,All other alcohol-induced causes,A9,89.0
4422,,"Snohomish County, WA",53061.0,2014.0,2014.0,All other non-drug and non-alcohol causes,O9,4731.0
4423,,"Spokane County, WA",53063.0,2014.0,2014.0,Drug poisonings (overdose) Unintentional (X40-X44),D1,50.0
4424,,"Spokane County, WA",53063.0,2014.0,2014.0,All other alcohol-induced causes,A9,76.0
4425,,"Spokane County, WA",53063.0,2014.0,2014.0,All other non-drug and non-alcohol causes,O9,4010.0
4426,,"Stevens County, WA",53065.0,2014.0,2014.0,All other alcohol-induced causes,A9,10.0
4427,,"Stevens County, WA",53065.0,2014.0,2014.0,All other non-drug and non-alcohol causes,O9,444.0
4428,,"Thurston County, WA",53067.0,2014.0,2014.0,Drug poisonings (overdose) Unintentional (X40-X44),D1,20.0
4429,,"Thurston County, WA",53067.0,2014.0,2014.0,All other alcohol-induced causes,A9,40.0
4430,,"Thurston County, WA",53067.0,2014.0,2014.0,All other non-drug and non-alcohol causes,O9,1986.0
4431,,"Wahkiakum County, WA",53069.0,2014.0,2014.0,All other non-drug and non-alcohol causes,O9,45.0
4432,,"Walla Walla County, WA",53071.0,2014.0,2014.0,Drug poisonings (overdose) Unintentional (X40-X44),D1,13.0
4433,,"Walla Walla County, WA",53071.0,2014.0,2014.0,All other alcohol-induced causes,A9,10.0
4434,,"Walla Walla County, WA",53071.0,2014.0,2014.0,All other non-drug and non-alcohol causes,O9,554.0
4435,,"Whatcom County, WA",53073.0,2014.0,2014.0,Drug poisonings (overdose) Unintentional (X40-X44),D1,14.0
4436,,"Whatcom County, WA",53073.0,2014.0,2014.0,All other alcohol-induced causes,A9,26.0
4437,,"Whatcom County, WA",53073.0,2014.0,2014.0,All other non-drug and non-alcohol causes,O9,1441.0
4438,,"Whitman County, WA",53075.0,2014.0,2014.0,All other non-drug and non-alcohol causes,O9,263.0
4439,,"Yakima County, WA",53077.0,2014.0,2014.0,Drug poisonings (overdose) Unintentional (X40-X44),D1,23.0
4440,,"Yakima County, WA",53077.0,2014.0,2014.0,All other alcohol-induced causes,A9,46.0
4479,,"Adams County, WA",53001.0,2015.0,2015.0,All other non-drug and non-alcohol causes,O9,132
4480,,"Asotin County, WA",53003.0,2015.0,2015.0,All other non-drug and non-alcohol causes,O9,268
4481,,"Benton County, WA",53005.0,2015.0,2015.0,Drug poisonings (overdose) Unintentional (X40-X44),D1,28
4482,,"Benton County, WA",53005.0,2015.0,2015.0,All other alcohol-induced causes,A9,20
4483,,"Benton County, WA",53005.0,2015.0,2015.0,All other non-drug and non-alcohol causes,O9,1415
4484,,"Chelan County, WA",53007.0,2015.0,2015.0,All other alcohol-induced causes,A9,12
4485,,"Chelan County, WA",53007.0,2015.0,2015.0,All other non-drug and non-alcohol causes,O9,674
4486,,"Clallam County, WA",53009.0,2015.0,2015.0,Drug poisonings (overdose) Unintentional (X40-X44),D1,12
4487,,"Clallam County, WA",53009.0,2015.0,2015.0,All other alcohol-induced causes,A9,19
4488,,"Clallam County, WA",53009.0,2015.0,2015.0,All other non-drug and non-alcohol causes,O9,925
4489,,"Clark County, WA",53011.0,2015.0,2015.0,Drug poisonings (overdose) Unintentional (X40-X44),D1,59
4490,,"Clark County, WA",53011.0,2015.0,2015.0,All other alcohol-induced causes,A9,62
4491,,"Clark County, WA",53011.0,2015.0,2015.0,All other non-drug and non-alcohol causes,O9,3315
4492,,"Columbia County, WA",53013.0,2015.0,2015.0,All other non-drug and non-alcohol causes,O9,59
4493,,"Cowlitz County, WA",53015.0,2015.0,2015.0,Drug poisonings (overdose) Unintentional (X40-X44),D1,15
4494,,"Cowlitz County, WA",53015.0,2015.0,2015.0,All other alcohol-induced causes,A9,25
4495,,"Cowlitz County, WA",53015.0,2015.0,2015.0,All other non-drug and non-alcohol causes,O9,1106
4496,,"Douglas County, WA",53017.0,2015.0,2015.0,All other non-drug and non-alcohol causes,O9,304
4497,,"Ferry County, WA",53019.0,2015.0,2015.0,All other non-drug and non-alcohol causes,O9,69
4498,,"Franklin County, WA",53021.0,2015.0,2015.0,All other alcohol-induced causes,A9,10
4499,,"Franklin County, WA",53021.0,2015.0,2015.0,All other non-drug and non-alcohol causes,O9,351
4500,,"Garfield County, WA",53023.0,2015.0,2015.0,All other non-drug and non-alcohol causes,O9,31
4501,,"Grant County, WA",53025.0,2015.0,2015.0,Drug poisonings (overdose) Unintentional (X40-X44),D1,11
4502,,"Grant County, WA",53025.0,2015.0,2015.0,All other alcohol-induced causes,A9,14
4503,,"Grant County, WA",53025.0,2015.0,2015.0,All other non-drug and non-alcohol causes,O9,655
4504,,"Grays Harbor County, WA",53027.0,2015.0,2015.0,Drug poisonings (overdose) Unintentional (X40-X44),D1,15
4505,,"Grays Harbor County, WA",53027.0,2015.0,2015.0,All other alcohol-induced causes,A9,16
4506,,"Grays Harbor County, WA",53027.0,2015.0,2015.0,All other non-drug and non-alcohol causes,O9,759
4507,,"Island County, WA",53029.0,2015.0,2015.0,Drug poisonings (overdose) Unintentional (X40-X44),D1,11
4508,,"Island County, WA",53029.0,2015.0,2015.0,All other alcohol-induced causes,A9,15
4509,,"Island County, WA",53029.0,2015.0,2015.0,All other non-drug and non-alcohol causes,O9,735
4510,,"Jefferson County, WA",53031.0,2015.0,2015.0,All other non-drug and non-alcohol causes,O9,370
4511,,"King County, WA",53033.0,2015.0,2015.0,Drug poisonings (overdose) Unintentional (X40-X44),D1,241
4512,,"King County, WA",53033.0,2015.0,2015.0,Drug poisonings (overdose) Suicide (X60-X64),D2,34
4513,,"King County, WA",53033.0,2015.0,2015.0,Drug poisonings (overdose) Undetermined (Y10-Y14),D4,10
4514,,"King County, WA",53033.0,2015.0,2015.0,All other drug-induced causes,D9,23
4530,,"Okanogan County, WA",53047.0,2015.0,2015.0,All other non-drug and non-alcohol causes,O9,450
4531,,"Pacific County, WA",53049.0,2015.0,2015.0,All other non-drug and non-alcohol causes,O9,324
4532,,"Pend Oreille County, WA",53051.0,2015.0,2015.0,All other non-drug and non-alcohol causes,O9,134
4533,,"Pierce County, WA",53053.0,2015.0,2015.0,Drug poisonings (overdose) Unintentional (X40-X44),D1,110
4549,,"Spokane County, WA",53063.0,2015.0,2015.0,All other alcohol-induced causes,A9,101
4550,,"Spokane County, WA",53063.0,2015.0,2015.0,All other non-drug and non-alcohol causes,O9,4393
4551,,"Stevens County, WA",53065.0,2015.0,2015.0,All other non-drug and non-alcohol causes,O9,475
4552,,"Thurston County, WA",53067.0,2015.0,2015.0,Drug poisonings (overdose) Unintentional (X40-X44),D1,26
4553,,"Thurston County, WA",53067.0,2015.0,2015.0,All other alcohol-induced causes,A9,30
4554,,"Thurston County, WA",53067.0,2015.0,2015.0,All other non-drug and non-alcohol causes,O9,2167
4555,,"Wahkiakum County, WA",53069.0,2015.0,2015.0,All other non-drug and non-alcohol causes,O9,45
4556,,"Walla Walla County, WA",53071.0,2015.0,2015.0,All other alcohol-induced causes,A9,11
4557,,"Walla Walla County, WA",53071.0,2015.0,2015.0,All other non-drug and non-alcohol causes,O9,566
4558,,"Whatcom County, WA",53073.0,2015.0,2015.0,Drug poisonings (overdose) Unintentional (X40-X44),D1,23
4559,,"Whatcom County, WA",53073.0,2015.0,2015.0,All other alcohol-induced causes,A9,39
4560,,"Whatcom County, WA",53073.0,2015.0,2015.0,All other non-drug and non-alcohol causes,O9,1559
4561,,"Whitman County, WA",53075.0,2015.0,2015.0,All other non-drug and non-alcohol causes,O9,288
4562,,"Yakima County, WA",53077.0,2015.0,2015.0,Drug poisonings (overdose) Unintentional (X40-X44),D1,26
4563,,"Yakima County, WA",53077.0,2015.0,2015.0,All other alcohol-induced causes,A9,39
4564,,"Yakima County, WA",53077.0,2015.0,2015.0,All other non-drug and non-alcohol causes,O9,1875
